Age,Attrition,BusinessTravel,DailyRate,Department,DistanceFromHome,Education,EducationField,EmployeeNumber,EnvironmentSatisfaction,Gender,HourlyRate,JobInvolvement,JobLevel,JobRole,JobSatisfaction,MaritalStatus,MonthlyIncome,MonthlyRate,NumCompaniesWorked,OverTime,PercentSalaryHike,PerformanceRating,RelationshipSatisfaction,StockOptionLevel,TotalWorkingYears,TrainingTimesLastYear,WorkLifeBalance,YearsAtCompany,YearsInCurrentRole,YearsSinceLastPromotion,YearsWithCurrManager,CareerStartAge,CompanyCareerRatio,CurrentRoleCompanyRatio,ManagerCompanyRatio,PromotionLagCompanyRatio,SatisfactionAverage,LogMonthlyIncome,IncomePerJobLevel,OverTimeJobInvolvement
41,1,Travel_Rarely,1102,Sales,1,2,Life Sciences,1,2,Female,94,3,2,Sales Executive,4,Single,5993,19479,8,Yes,11,3,1,0,8,0,1,6,4,0,5,33,0.75,0.6666666666666666,0.8333333333333334,0.0,2.3333333333333335,8.69851424787661,2996.5,3
49,0,Travel_Frequently,279,Research & Development,8,1,Life Sciences,2,3,Male,61,2,2,Research Scientist,2,Married,5130,24907,1,No,23,4,4,1,10,3,3,10,7,1,7,39,1.0,0.7,0.7,0.1,3.0,8.543055850941965,2565.0,0
37,1,Travel_Rarely,1373,Research & Development,2,2,Other,4,4,Male,92,2,1,Laboratory Technician,3,Single,2090,2396,6,Yes,15,3,2,0,7,3,3,0,0,0,0,30,0.0,0.0,0.0,0.0,3.0,7.645397699428633,2090.0,2
33,0,Travel_Frequently,1392,Research & Development,3,4,Life Sciences,5,4,Female,56,3,1,Research Scientist,3,Married,2909,23159,1,Yes,11,3,3,0,8,3,3,8,7,3,0,25,1.0,0.875,0.0,0.375,3.3333333333333335,7.975908360165538,2909.0,3
27,0,Travel_Rarely,591,Research & Development,2,1,Medical,7,1,Male,40,3,1,Laboratory Technician,2,Married,3468,16632,9,No,12,3,4,1,6,3,3,2,2,2,2,21,0.3333333333333333,1.0,1.0,1.0,2.3333333333333335,8.15162164696975,3468.0,0
32,0,Travel_Frequently,1005,Research & Development,2,2,Life Sciences,8,4,Male,79,3,1,Laboratory Technician,4,Single,3068,11864,0,No,13,3,3,0,8,2,2,7,7,3,6,24,0.875,1.0,0.8571428571428571,0.42857142857142855,3.6666666666666665,8.029107054619736,3068.0,0
59,0,Travel_Rarely,1324,Research & Development,3,3,Medical,10,3,Female,81,4,1,Laboratory Technician,1,Married,2670,9964,4,Yes,20,4,1,3,12,3,2,1,0,0,0,47,0.08333333333333333,0.0,0.0,0.0,1.6666666666666667,7.890208213109961,2670.0,4
30,0,Travel_Rarely,1358,Research & Development,24,1,Life Sciences,11,4,Male,67,3,1,Laboratory Technician,3,Divorced,2693,13335,1,No,22,4,2,1,1,2,3,1,0,0,0,29,1.0,0.0,0.0,0.0,3.0,7.898782356970309,2693.0,0
38,0,Travel_Frequently,216,Research & Development,23,3,Life Sciences,12,4,Male,44,2,3,Manufacturing Director,3,Single,9526,8787,0,No,21,4,2,0,10,2,3,9,7,1,8,28,0.9,0.7777777777777778,0.8888888888888888,0.1111111111111111,3.0,9.161885151706779,3175.3333333333335,0
36,0,Travel_Rarely,1299,Research & Development,27,3,Medical,13,3,Male,94,3,2,Healthcare Representative,3,Married,5237,16577,6,No,13,3,2,2,17,3,2,7,7,7,7,19,0.4117647058823529,1.0,1.0,1.0,2.6666666666666665,8.563695025067657,2618.5,0
35,0,Travel_Rarely,809,Research & Development,16,3,Medical,14,1,Male,84,4,1,Laboratory Technician,2,Married,2426,16479,0,No,13,3,3,1,6,5,3,5,4,0,3,29,0.8333333333333334,0.8,0.6,0.0,2.0,7.794411205726601,2426.0,0
29,0,Travel_Rarely,153,Research & Development,15,2,Life Sciences,15,4,Female,49,2,2,Laboratory Technician,3,Single,4193,12682,0,Yes,12,3,4,0,10,3,3,9,5,0,8,19,0.9,0.5555555555555556,0.8888888888888888,0.0,3.6666666666666665,8.341410211461865,2096.5,2
31,0,Travel_Rarely,670,Research & Development,26,1,Life Sciences,16,1,Male,31,3,1,Research Scientist,3,Divorced,2911,15170,1,No,17,3,4,1,5,1,2,5,2,4,3,26,1.0,0.4,0.6,0.8,2.6666666666666665,7.976595409316577,2911.0,0
34,0,Travel_Rarely,1346,Research & Development,19,2,Medical,18,2,Male,93,3,1,Laboratory Technician,4,Divorced,2661,8758,0,No,11,3,3,1,3,2,3,2,2,1,2,31,0.6666666666666666,1.0,1.0,0.5,3.0,7.8868329989550565,2661.0,0
28,1,Travel_Rarely,103,Research & Development,24,3,Life Sciences,19,3,Male,50,2,1,Laboratory Technician,3,Single,2028,12947,5,Yes,14,3,2,0,6,4,3,4,2,0,3,22,0.6666666666666666,0.5,0.75,0.0,2.6666666666666665,7.615298339825815,2028.0,2
29,0,Travel_Rarely,1389,Research & Development,21,4,Life Sciences,20,2,Female,51,4,3,Manufacturing Director,1,Divorced,9980,10195,1,No,11,3,3,1,10,1,3,10,9,8,8,19,1.0,0.9,0.8,0.8,2.0,9.208438564686587,3326.6666666666665,0
32,0,Travel_Rarely,334,Research & Development,5,2,Life Sciences,21,1,Male,80,4,1,Research Scientist,2,Divorced,3298,15053,0,Yes,12,3,4,2,7,5,2,6,2,0,5,25,0.8571428571428571,0.3333333333333333,0.8333333333333334,0.0,2.3333333333333335,8.101374671228582,3298.0,4
22,0,Non-Travel,1123,Research & Development,16,2,Medical,22,4,Male,96,4,1,Laboratory Technician,4,Divorced,2935,7324,1,Yes,13,3,2,2,1,2,2,1,0,0,0,21,1.0,0.0,0.0,0.0,3.3333333333333335,7.984803389734406,2935.0,4
53,0,Travel_Rarely,1219,Sales,2,4,Life Sciences,23,1,Female,78,2,4,Manager,4,Married,15427,22021,2,No,16,3,3,0,31,3,3,25,8,3,7,22,0.8064516129032258,0.32,0.28,0.12,2.6666666666666665,9.643939319328119,3856.75,0
38,0,Travel_Rarely,371,Research & Development,2,3,Life Sciences,24,4,Male,45,3,1,Research Scientist,4,Single,3944,4306,5,Yes,11,3,3,0,6,3,3,3,2,1,2,32,0.5,0.6666666666666666,0.6666666666666666,0.3333333333333333,3.6666666666666665,8.280204233279974,3944.0,3
24,0,Non-Travel,673,Research & Development,11,2,Other,26,1,Female,96,4,2,Manufacturing Director,3,Divorced,4011,8232,0,No,18,3,4,1,5,5,2,4,2,1,3,19,0.8,0.5,0.75,0.25,2.6666666666666665,8.297045149081827,2005.5,0
36,1,Travel_Rarely,1218,Sales,9,4,Life Sciences,27,3,Male,82,2,1,Sales Representative,1,Single,3407,6986,7,No,23,4,2,0,10,4,3,5,3,0,3,26,0.5,0.6,0.6,0.0,2.0,8.133880887949207,3407.0,0
34,0,Travel_Rarely,419,Research & Development,7,4,Life Sciences,28,1,Female,53,3,3,Research Director,2,Single,11994,21293,0,No,11,3,3,0,13,4,3,12,6,2,11,21,0.9230769230769231,0.5,0.9166666666666666,0.16666666666666666,2.0,9.392245175273795,3998.0,0
21,0,Travel_Rarely,391,Research & Development,15,2,Life Sciences,30,3,Male,96,3,1,Research Scientist,4,Single,1232,19281,1,No,14,3,4,0,0,6,3,0,0,0,0,21,0.0,0.0,0.0,0.0,3.6666666666666665,7.117205503164344,1232.0,0
34,1,Travel_Rarely,699,Research & Development,6,1,Medical,31,2,Male,83,3,1,Research Scientist,1,Single,2960,17102,2,No,11,3,3,0,8,2,3,4,2,1,3,26,0.5,0.5,0.75,0.25,2.0,7.993282328101591,2960.0,0
53,0,Travel_Rarely,1282,Research & Development,5,3,Other,32,3,Female,58,3,5,Manager,3,Divorced,19094,10735,4,No,11,3,4,1,26,3,2,14,13,4,8,27,0.5384615384615384,0.9285714285714286,0.5714285714285714,0.2857142857142857,3.3333333333333335,9.857181799659617,3818.8,0
32,1,Travel_Frequently,1125,Research & Development,16,1,Life Sciences,33,2,Female,72,1,1,Research Scientist,1,Single,3919,4681,1,Yes,22,4,2,0,10,5,3,10,2,6,7,22,1.0,0.2,0.7,0.6,1.6666666666666667,8.273846932784508,3919.0,1
42,0,Travel_Rarely,691,Sales,8,4,Marketing,35,3,Male,48,3,2,Sales Executive,2,Married,6825,21173,0,No,11,3,4,1,10,2,3,9,7,4,2,32,0.9,0.7777777777777778,0.2222222222222222,0.4444444444444444,3.0,8.828494129466652,3412.5,0
44,0,Travel_Rarely,477,Research & Development,7,4,Medical,36,1,Female,42,2,3,Healthcare Representative,4,Married,10248,2094,3,No,14,3,4,1,24,4,3,22,6,5,17,20,0.9166666666666666,0.2727272727272727,0.7727272727272727,0.22727272727272727,3.0,9.234935418831563,3416.0,0
46,0,Travel_Rarely,705,Sales,2,4,Marketing,38,2,Female,83,3,5,Manager,1,Single,18947,22822,3,No,12,3,4,0,22,2,2,2,2,2,1,24,0.09090909090909091,1.0,0.5,1.0,2.3333333333333335,9.849453664043642,3789.4,0
33,0,Travel_Rarely,924,Research & Development,2,3,Medical,39,3,Male,78,3,1,Laboratory Technician,4,Single,2496,6670,4,No,11,3,4,0,7,3,3,1,1,0,0,26,0.14285714285714285,1.0,0.0,0.0,3.6666666666666665,7.822845290279774,2496.0,0
44,0,Travel_Rarely,1459,Research & Development,10,4,Other,40,4,Male,41,3,2,Healthcare Representative,4,Married,6465,19121,2,Yes,13,3,4,0,9,5,4,4,2,1,3,35,0.4444444444444444,0.5,0.75,0.25,4.0,8.774312958285378,3232.5,3
30,0,Travel_Rarely,125,Research & Development,9,2,Medical,41,4,Male,83,2,1,Laboratory Technician,3,Single,2206,16117,1,No,13,3,1,0,10,5,3,10,0,1,8,20,1.0,0.0,0.8,0.1,2.6666666666666665,7.699389406256737,2206.0,0
39,1,Travel_Rarely,895,Sales,5,3,Technical Degree,42,4,Male,56,3,2,Sales Representative,4,Married,2086,3335,3,No,14,3,3,1,19,6,4,1,0,0,0,20,0.05263157894736842,0.0,0.0,0.0,3.6666666666666665,7.643482907077201,1043.0,0
24,1,Travel_Rarely,813,Research & Development,1,3,Medical,45,2,Male,61,3,1,Research Scientist,4,Married,2293,3020,2,Yes,16,3,1,1,6,2,2,2,0,2,0,18,0.3333333333333333,0.0,0.0,1.0,2.3333333333333335,7.738052297689316,2293.0,3
43,0,Travel_Rarely,1273,Research & Development,2,2,Medical,46,4,Female,72,4,1,Research Scientist,3,Divorced,2645,21923,1,No,12,3,4,2,6,3,2,5,3,1,4,37,0.8333333333333334,0.6,0.8,0.2,3.6666666666666665,7.880804344674901,2645.0,0
50,1,Travel_Rarely,869,Sales,3,2,Marketing,47,1,Male,86,2,1,Sales Representative,3,Married,2683,3810,1,Yes,14,3,3,0,3,2,3,3,2,0,2,47,1.0,0.6666666666666666,0.6666666666666666,0.0,2.3333333333333335,7.895063498091573,2683.0,2
35,0,Travel_Rarely,890,Sales,2,3,Marketing,49,4,Female,97,3,1,Sales Representative,4,Married,2014,9687,1,No,13,3,1,0,2,3,3,2,2,2,2,33,1.0,1.0,1.0,1.0,3.0,7.608374474380783,2014.0,0
36,0,Travel_Rarely,852,Research & Development,5,4,Life Sciences,51,2,Female,82,2,1,Research Scientist,1,Married,3419,13072,9,Yes,14,3,4,1,6,3,4,1,1,0,0,30,0.16666666666666666,1.0,0.0,0.0,2.3333333333333335,8.13739583005665,3419.0,2
33,0,Travel_Frequently,1141,Sales,1,3,Life Sciences,52,3,Female,42,4,2,Sales Executive,1,Married,5376,3193,2,No,19,3,1,2,10,3,3,5,3,1,3,23,0.5,0.6,0.6,0.2,1.6666666666666667,8.589885876809678,2688.0,0
35,0,Travel_Rarely,464,Research & Development,4,2,Other,53,3,Male,75,3,1,Laboratory Technician,4,Divorced,1951,10910,1,No,12,3,3,1,1,3,3,1,0,0,0,34,1.0,0.0,0.0,0.0,3.3333333333333335,7.5766097669730375,1951.0,0
27,0,Travel_Rarely,1240,Research & Development,2,4,Life Sciences,54,4,Female,33,3,1,Laboratory Technician,1,Divorced,2341,19715,1,No,13,3,4,1,1,6,3,1,0,0,0,26,1.0,0.0,0.0,0.0,3.0,7.758760544157663,2341.0,0
26,1,Travel_Rarely,1357,Research & Development,25,3,Life Sciences,55,1,Male,48,1,1,Laboratory Technician,3,Single,2293,10558,1,No,12,3,3,0,1,2,2,1,0,0,1,25,1.0,0.0,1.0,0.0,2.3333333333333335,7.738052297689316,2293.0,0
27,0,Travel_Frequently,994,Sales,8,3,Life Sciences,56,4,Male,37,3,3,Sales Executive,3,Single,8726,2975,1,No,15,3,4,0,9,0,3,9,8,1,7,18,1.0,0.8888888888888888,0.7777777777777778,0.1111111111111111,3.6666666666666665,9.074176947163311,2908.6666666666665,0
30,0,Travel_Frequently,721,Research & Development,1,2,Medical,57,3,Female,58,3,2,Laboratory Technician,4,Single,4011,10781,1,No,23,4,4,0,12,2,3,12,8,3,7,18,1.0,0.6666666666666666,0.5833333333333334,0.25,3.6666666666666665,8.297045149081827,2005.5,0
41,1,Travel_Rarely,1360,Research & Development,12,3,Technical Degree,58,2,Female,49,3,5,Research Director,3,Married,19545,16280,1,No,12,3,4,0,23,0,3,22,15,15,8,18,0.9565217391304348,0.6818181818181818,0.36363636363636365,0.6818181818181818,3.0,9.880525940898782,3909.0,0
34,0,Non-Travel,1065,Sales,23,4,Marketing,60,2,Male,72,3,2,Sales Executive,3,Single,4568,10034,0,No,20,4,3,0,10,2,3,9,5,8,7,24,0.9,0.5555555555555556,0.7777777777777778,0.8888888888888888,2.6666666666666665,8.427049641563272,2284.0,0
37,0,Travel_Rarely,408,Research & Development,19,2,Life Sciences,61,2,Male,73,3,1,Research Scientist,2,Married,3022,10227,4,No,21,4,1,0,8,1,3,1,0,0,0,29,0.125,0.0,0.0,0.0,1.6666666666666667,8.014004994779459,3022.0,0
46,0,Travel_Frequently,1211,Sales,5,4,Marketing,62,1,Male,98,3,2,Sales Executive,4,Single,5772,20445,4,Yes,21,4,3,0,14,4,3,9,6,0,8,32,0.6428571428571429,0.6666666666666666,0.8888888888888888,0.0,2.6666666666666665,8.660947155060933,2886.0,3
35,0,Travel_Rarely,1229,Research & Development,8,1,Life Sciences,63,4,Male,36,4,1,Laboratory Technician,4,Married,2269,4892,1,No,19,3,4,0,1,2,3,1,0,0,1,34,1.0,0.0,1.0,0.0,4.0,7.727535110475448,2269.0,0
48,1,Travel_Rarely,626,Research & Development,1,2,Life Sciences,64,1,Male,98,2,3,Laboratory Technician,3,Single,5381,19294,9,Yes,13,3,4,0,23,2,3,1,0,0,0,25,0.043478260869565216,0.0,0.0,0.0,2.6666666666666665,8.590815331286851,1793.6666666666667,2
28,1,Travel_Rarely,1434,Research & Development,5,4,Technical Degree,65,3,Male,50,3,1,Laboratory Technician,3,Single,3441,11179,1,Yes,13,3,3,0,2,3,2,2,2,2,2,26,1.0,1.0,1.0,1.0,3.0,8.143807976771484,3441.0,3
44,0,Travel_Rarely,1488,Sales,1,5,Marketing,68,2,Female,75,3,2,Sales Executive,1,Divorced,5454,4009,5,Yes,21,4,3,1,9,2,2,4,3,1,3,35,0.4444444444444444,0.75,0.75,0.25,2.0,8.604287898267172,2727.0,3
35,0,Non-Travel,1097,Research & Development,11,2,Medical,70,3,Male,79,2,3,Healthcare Representative,1,Married,9884,8302,2,Yes,13,3,3,1,10,3,3,4,0,2,3,25,0.4,0.0,0.75,0.5,2.3333333333333335,9.198773735604718,3294.6666666666665,2
26,0,Travel_Rarely,1443,Sales,23,3,Marketing,72,3,Female,47,2,2,Sales Executive,4,Married,4157,21436,7,Yes,19,3,3,1,5,2,2,2,2,0,0,21,0.4,1.0,0.0,0.0,3.3333333333333335,8.332789468417959,2078.5,2
33,0,Travel_Frequently,515,Research & Development,1,2,Life Sciences,73,1,Female,98,3,3,Research Director,4,Single,13458,15146,1,Yes,12,3,3,0,15,1,3,15,14,8,12,18,1.0,0.9333333333333333,0.8,0.5333333333333333,2.6666666666666665,9.507403306233716,4486.0,3
35,0,Travel_Frequently,853,Sales,18,5,Life Sciences,74,2,Male,71,3,3,Sales Executive,1,Married,9069,11031,1,No,22,4,4,1,9,3,2,9,8,1,8,26,1.0,0.8888888888888888,0.8888888888888888,0.1111111111111111,2.3333333333333335,9.112727543109182,3023.0,0
35,0,Travel_Rarely,1142,Research & Development,23,4,Medical,75,3,Female,30,3,1,Laboratory Technician,1,Married,4014,16002,3,Yes,15,3,3,1,4,3,3,2,2,2,2,31,0.5,1.0,1.0,1.0,2.3333333333333335,8.297792626380861,4014.0,3
31,0,Travel_Rarely,655,Research & Development,7,4,Life Sciences,76,4,Male,48,3,2,Laboratory Technician,4,Divorced,5915,9528,3,No,22,4,4,1,10,3,2,7,7,1,7,21,0.7,1.0,1.0,0.14285714285714285,4.0,8.68541582383069,2957.5,0
37,0,Travel_Rarely,1115,Research & Development,1,4,Life Sciences,77,1,Male,51,2,2,Manufacturing Director,3,Divorced,5993,2689,1,No,18,3,3,1,7,2,4,7,5,0,7,30,1.0,0.7142857142857143,1.0,0.0,2.3333333333333335,8.69851424787661,2996.5,0
32,0,Travel_Rarely,427,Research & Development,1,3,Medical,78,1,Male,33,3,2,Manufacturing Director,4,Married,6162,10877,1,Yes,22,4,2,1,9,3,3,9,8,7,8,23,1.0,0.8888888888888888,0.8888888888888888,0.7777777777777778,2.3333333333333335,8.726318950962243,3081.0,3
38,0,Travel_Frequently,653,Research & Development,29,5,Life Sciences,79,4,Female,50,3,2,Laboratory Technician,4,Single,2406,5456,1,No,11,3,4,0,10,2,3,10,3,9,9,28,1.0,0.3,0.9,0.9,4.0,7.786136437783072,1203.0,0
50,0,Travel_Rarely,989,Research & Development,7,2,Medical,80,2,Female,43,2,5,Research Director,3,Divorced,18740,16701,5,Yes,12,3,4,1,29,2,2,27,3,13,8,21,0.9310344827586207,0.1111111111111111,0.2962962962962963,0.48148148148148145,3.0,9.838468916161679,3748.0,2
59,0,Travel_Rarely,1435,Sales,25,3,Life Sciences,81,1,Female,99,3,3,Sales Executive,1,Single,7637,2354,7,No,11,3,4,0,28,3,2,21,16,7,9,31,0.75,0.7619047619047619,0.42857142857142855,0.3333333333333333,2.0,8.940891067785461,2545.6666666666665,0
36,0,Travel_Rarely,1223,Research & Development,8,3,Technical Degree,83,3,Female,59,3,3,Healthcare Representative,3,Divorced,10096,8202,1,No,13,3,2,3,17,2,3,17,14,12,8,19,1.0,0.8235294117647058,0.47058823529411764,0.7058823529411765,2.6666666666666665,9.219993629004321,3365.3333333333335,0
55,0,Travel_Rarely,836,Research & Development,8,3,Medical,84,4,Female,33,3,4,Manager,3,Divorced,14756,19730,2,Yes,14,3,3,3,21,2,3,5,0,0,2,34,0.23809523809523808,0.0,0.4,0.0,3.3333333333333335,9.59947282546345,3689.0,3
36,0,Travel_Frequently,1195,Research & Development,11,3,Life Sciences,85,2,Male,95,2,2,Manufacturing Director,2,Single,6499,22656,1,No,13,3,3,0,6,3,3,6,5,0,3,30,1.0,0.8333333333333334,0.5,0.0,2.3333333333333335,8.779557455883728,3249.5,0
45,0,Travel_Rarely,1339,Research & Development,7,3,Life Sciences,86,2,Male,59,3,3,Research Scientist,1,Divorced,9724,18787,2,No,17,3,3,1,25,2,3,1,0,0,0,20,0.04,0.0,0.0,0.0,2.0,9.182455168486648,3241.3333333333335,0
35,0,Travel_Frequently,664,Research & Development,1,3,Medical,88,2,Male,79,3,1,Research Scientist,1,Married,2194,5868,4,No,13,3,4,1,5,2,2,3,2,1,2,30,0.6,0.6666666666666666,0.6666666666666666,0.3333333333333333,2.3333333333333335,7.693937325509272,2194.0,0
36,1,Travel_Rarely,318,Research & Development,9,3,Medical,90,4,Male,79,2,1,Research Scientist,3,Married,3388,21777,0,Yes,17,3,1,1,2,0,2,1,0,0,0,34,0.5,0.0,0.0,0.0,2.6666666666666665,8.128290171607052,3388.0,2
59,0,Travel_Frequently,1225,Sales,1,1,Life Sciences,91,1,Female,57,2,2,Sales Executive,3,Single,5473,24668,7,No,11,3,4,0,20,2,2,4,3,1,3,39,0.2,0.75,0.75,0.25,2.6666666666666665,8.607764889600624,2736.5,0
29,0,Travel_Rarely,1328,Research & Development,2,3,Life Sciences,94,3,Male,76,3,1,Research Scientist,2,Married,2703,4956,0,No,23,4,4,1,6,3,3,5,4,0,4,23,0.8333333333333334,0.8,0.8,0.0,3.0,7.902487437162855,2703.0,0
31,0,Travel_Rarely,1082,Research & Development,1,4,Medical,95,3,Male,87,3,1,Research Scientist,2,Single,2501,18775,1,No,17,3,2,0,1,4,3,1,1,1,0,30,1.0,1.0,0.0,1.0,2.3333333333333335,7.824845691026856,2501.0,0
32,0,Travel_Rarely,548,Research & Development,1,3,Life Sciences,96,2,Male,66,3,2,Research Scientist,2,Married,6220,7346,1,No,17,3,2,2,10,3,3,10,4,0,9,22,1.0,0.4,0.9,0.0,2.0,8.73568594451502,3110.0,0
36,0,Travel_Rarely,132,Research & Development,6,3,Life Sciences,97,2,Female,55,4,1,Laboratory Technician,4,Married,3038,22002,3,No,12,3,2,0,5,3,3,1,0,0,0,31,0.2,0.0,0.0,0.0,2.6666666666666665,8.019283792916793,3038.0,0
31,0,Travel_Rarely,746,Research & Development,8,4,Life Sciences,98,3,Female,61,3,2,Manufacturing Director,4,Single,4424,20682,1,No,23,4,4,0,11,2,3,11,7,1,8,20,1.0,0.6363636363636364,0.7272727272727273,0.09090909090909091,3.6666666666666665,8.39502555744203,2212.0,0
35,0,Travel_Rarely,776,Sales,1,4,Marketing,100,3,Male,32,2,2,Sales Executive,1,Single,4312,23016,0,No,14,3,2,0,16,2,3,15,13,2,8,19,0.9375,0.8666666666666667,0.5333333333333333,0.13333333333333333,2.0,8.369388996647842,2156.0,0
45,0,Travel_Rarely,193,Research & Development,6,4,Other,101,4,Male,52,3,3,Research Director,1,Married,13245,15067,4,Yes,14,3,2,0,17,3,4,0,0,0,0,28,0.0,0.0,0.0,0.0,2.3333333333333335,9.491450899044924,4415.0,3
37,0,Travel_Rarely,397,Research & Development,7,4,Medical,102,1,Male,30,3,3,Research Director,3,Single,13664,25258,4,No,13,3,1,0,16,3,4,5,2,0,2,21,0.3125,0.4,0.4,0.0,1.6666666666666667,9.522593098362169,4554.666666666667,0
46,0,Travel_Rarely,945,Human Resources,5,2,Medical,103,2,Male,80,3,2,Human Resources,2,Divorced,5021,10425,8,Yes,22,4,4,1,16,2,3,4,2,0,2,30,0.25,0.5,0.5,0.0,2.6666666666666665,8.52158353971753,2510.5,3
30,0,Travel_Rarely,852,Research & Development,1,1,Life Sciences,104,4,Male,55,2,2,Laboratory Technician,4,Married,5126,15998,1,Yes,12,3,3,2,10,1,2,10,8,3,0,20,1.0,0.8,0.0,0.3,3.6666666666666665,8.5422759717837,2563.0,2
35,0,Travel_Rarely,1214,Research & Development,1,3,Medical,105,2,Male,30,2,1,Research Scientist,3,Single,2859,26278,1,No,18,3,1,0,6,3,3,6,4,0,4,29,1.0,0.6666666666666666,0.6666666666666666,0.0,2.0,7.958576903813898,2859.0,0
55,0,Travel_Rarely,111,Sales,1,2,Life Sciences,106,1,Male,70,3,3,Sales Executive,4,Married,10239,18092,3,No,14,3,4,1,24,4,3,1,0,1,0,31,0.041666666666666664,0.0,0.0,1.0,3.0,9.234056898593499,3413.0,0
38,0,Non-Travel,573,Research & Development,6,3,Medical,107,2,Female,79,1,2,Research Scientist,4,Divorced,5329,15717,7,Yes,12,3,4,3,17,3,3,13,11,1,9,21,0.7647058823529411,0.8461538461538461,0.6923076923076923,0.07692307692307693,3.3333333333333335,8.58110651715989,2664.5,1
34,0,Travel_Rarely,1153,Research & Development,1,2,Medical,110,1,Male,94,3,2,Manufacturing Director,2,Married,4325,17736,1,No,15,3,3,0,5,2,3,5,2,1,3,29,1.0,0.4,0.6,0.2,2.0,8.372398606513004,2162.5,0
56,0,Travel_Rarely,1400,Research & Development,7,3,Life Sciences,112,4,Male,49,1,3,Manufacturing Director,4,Single,7260,21698,4,No,11,3,1,0,37,3,2,6,4,0,2,19,0.16216216216216217,0.6666666666666666,0.3333333333333333,0.0,3.0,8.890272839380247,2420.0,0
23,0,Travel_Rarely,541,Sales,2,1,Technical Degree,113,3,Male,62,3,1,Sales Representative,1,Divorced,2322,9518,3,No,13,3,3,1,3,3,3,0,0,0,0,20,0.0,0.0,0.0,0.0,2.3333333333333335,7.750614732770409,2322.0,0
51,0,Travel_Rarely,432,Research & Development,9,4,Life Sciences,116,4,Male,96,3,1,Laboratory Technician,4,Married,2075,18725,3,No,23,4,2,2,10,4,3,4,2,0,3,41,0.4,0.5,0.75,0.0,3.3333333333333335,7.638198244285779,2075.0,0
30,0,Travel_Rarely,288,Research & Development,2,3,Life Sciences,117,3,Male,99,2,2,Healthcare Representative,4,Married,4152,15830,1,No,19,3,1,3,11,3,3,11,10,10,8,19,1.0,0.9090909090909091,0.7272727272727273,0.9090909090909091,2.6666666666666665,8.331586243630754,2076.0,0
46,1,Travel_Rarely,669,Sales,9,2,Medical,118,3,Male,64,2,3,Sales Executive,4,Single,9619,13596,1,No,16,3,4,0,9,3,3,9,8,4,7,37,1.0,0.8888888888888888,0.7777777777777778,0.4444444444444444,3.6666666666666665,9.171599543659752,3206.3333333333335,0
40,0,Travel_Frequently,530,Research & Development,1,4,Life Sciences,119,3,Male,78,2,4,Healthcare Representative,2,Married,13503,14115,1,No,22,4,4,1,22,3,2,22,3,11,11,18,1.0,0.13636363636363635,0.5,0.5,3.0,9.510741216835738,3375.75,0
51,0,Travel_Rarely,632,Sales,21,4,Marketing,120,3,Male,71,3,2,Sales Executive,4,Single,5441,8423,0,Yes,22,4,4,0,11,2,1,10,7,1,0,40,0.9090909090909091,0.7,0.0,0.1,3.6666666666666665,8.601901919343192,2720.5,3
30,0,Travel_Rarely,1334,Sales,4,2,Medical,121,3,Female,63,2,2,Sales Executive,2,Divorced,5209,19760,1,Yes,12,3,2,3,11,4,2,11,8,2,7,19,1.0,0.7272727272727273,0.6363636363636364,0.18181818181818182,2.3333333333333335,8.558335134747413,2604.5,2
46,0,Travel_Frequently,638,Research & Development,1,3,Medical,124,3,Male,40,2,3,Healthcare Representative,1,Married,10673,3142,2,Yes,13,3,3,1,21,5,2,10,9,9,5,25,0.47619047619047616,0.9,0.5,0.9,2.3333333333333335,9.27556615689389,3557.6666666666665,2
32,0,Travel_Rarely,1093,Sales,6,4,Medical,125,2,Male,87,3,2,Sales Executive,3,Single,5010,24301,1,No,16,3,1,0,12,0,3,11,8,5,7,20,0.9166666666666666,0.7272727272727273,0.6363636363636364,0.45454545454545453,2.0,8.519390774959724,2505.0,0
54,0,Travel_Rarely,1217,Research & Development,2,4,Technical Degree,126,1,Female,60,3,3,Research Director,3,Married,13549,24001,9,No,12,3,1,1,16,5,1,4,3,0,3,38,0.25,0.75,0.75,0.0,1.6666666666666667,9.514141826307847,4516.333333333333,0
24,0,Travel_Rarely,1353,Sales,3,2,Other,128,1,Female,33,3,2,Sales Executive,3,Married,4999,17519,0,No,21,4,1,1,4,2,2,3,2,0,2,20,0.75,0.6666666666666666,0.6666666666666666,0.0,1.6666666666666667,8.517193191416238,2499.5,0
28,0,Non-Travel,120,Sales,4,3,Medical,129,2,Male,43,3,2,Sales Executive,3,Married,4221,8863,1,No,15,3,2,0,5,3,4,5,4,0,4,23,1.0,0.8,0.8,0.0,2.3333333333333335,8.348064228408266,2110.5,0
58,0,Travel_Rarely,682,Sales,10,4,Medical,131,4,Male,37,3,4,Sales Executive,3,Single,13872,24409,0,No,13,3,3,0,38,1,2,37,10,1,8,20,0.9736842105263158,0.2702702702702703,0.21621621621621623,0.02702702702702703,3.3333333333333335,9.537699784080726,3468.0,0
44,0,Non-Travel,489,Research & Development,23,3,Medical,132,2,Male,67,3,2,Laboratory Technician,2,Married,2042,25043,4,No,12,3,3,1,17,3,4,3,2,1,2,27,0.17647058823529413,0.6666666666666666,0.6666666666666666,0.3333333333333333,2.3333333333333335,7.622174594817622,1021.0,0
37,1,Travel_Rarely,807,Human Resources,6,4,Human Resources,133,3,Male,63,3,1,Human Resources,1,Divorced,2073,23648,4,Yes,22,4,4,0,7,3,3,3,2,0,2,30,0.42857142857142855,0.6666666666666666,0.6666666666666666,0.0,2.6666666666666665,7.637234388789473,2073.0,3
32,0,Travel_Rarely,827,Research & Development,1,1,Life Sciences,134,4,Male,71,3,1,Research Scientist,1,Single,2956,15178,1,No,13,3,4,0,1,2,3,1,0,0,0,31,1.0,0.0,0.0,0.0,3.0,7.9919305198524775,2956.0,0
20,1,Travel_Frequently,871,Research & Development,6,3,Life Sciences,137,4,Female,66,2,1,Laboratory Technician,4,Single,2926,19783,1,Yes,18,3,2,0,1,5,3,1,0,1,0,19,1.0,0.0,0.0,1.0,3.3333333333333335,7.9817332866918855,2926.0,2
34,0,Travel_Rarely,665,Research & Development,6,4,Other,138,1,Female,41,3,2,Research Scientist,3,Single,4809,12482,1,No,14,3,3,0,16,3,3,16,13,2,10,18,1.0,0.8125,0.625,0.125,2.3333333333333335,8.478452363099807,2404.5,0
37,0,Non-Travel,1040,Research & Development,2,2,Life Sciences,139,3,Male,100,2,2,Healthcare Representative,4,Divorced,5163,15850,5,No,14,3,4,1,17,2,4,1,0,0,0,20,0.058823529411764705,0.0,0.0,0.0,3.6666666666666665,8.549466751966532,2581.5,0
59,0,Non-Travel,1420,Human Resources,2,4,Human Resources,140,3,Female,32,2,5,Manager,4,Married,18844,21922,9,No,21,4,4,1,30,3,3,3,2,2,2,29,0.1,0.6666666666666666,0.6666666666666666,0.6666666666666666,3.6666666666666665,9.844002905701236,3768.8,0
50,0,Travel_Frequently,1115,Research & Development,1,3,Life Sciences,141,1,Female,73,3,5,Research Director,2,Married,18172,9755,3,Yes,19,3,1,0,28,1,2,8,3,0,7,22,0.2857142857142857,0.375,0.875,0.0,1.3333333333333333,9.807692255081262,3634.4,3
25,1,Travel_Rarely,240,Sales,5,3,Marketing,142,3,Male,46,2,2,Sales Executive,3,Single,5744,26959,1,Yes,11,3,4,0,6,1,3,6,4,0,3,19,1.0,0.6666666666666666,0.5,0.0,3.3333333333333335,8.656085190282855,2872.0,2
25,0,Travel_Rarely,1280,Research & Development,7,1,Medical,143,4,Male,64,2,1,Research Scientist,4,Married,2889,26897,1,No,11,3,3,2,2,2,3,2,2,2,1,23,1.0,1.0,0.5,1.0,3.6666666666666665,7.969011781106478,2889.0,0
22,0,Travel_Rarely,534,Research & Development,15,3,Medical,144,2,Female,59,3,1,Laboratory Technician,4,Single,2871,23785,1,No,15,3,3,0,1,5,3,0,0,0,0,21,0.0,0.0,0.0,0.0,3.0,7.962763930168115,2871.0,0
51,0,Travel_Frequently,1456,Research & Development,1,4,Medical,145,1,Female,30,2,3,Healthcare Representative,1,Single,7484,25796,3,No,20,4,3,0,23,1,2,13,12,12,8,28,0.5652173913043478,0.9230769230769231,0.6153846153846154,0.9230769230769231,1.6666666666666667,8.920656296853728,2494.6666666666665,0
34,1,Travel_Frequently,658,Research & Development,7,3,Life Sciences,147,1,Male,66,1,2,Laboratory Technician,3,Single,6074,22887,1,Yes,24,4,4,0,9,3,3,9,7,0,6,25,1.0,0.7777777777777778,0.6666666666666666,0.0,2.6666666666666665,8.711937268208748,3037.0,1
54,0,Non-Travel,142,Human Resources,26,3,Human Resources,148,4,Female,30,4,4,Manager,4,Single,17328,13871,2,Yes,12,3,3,0,23,3,3,5,3,4,4,31,0.21739130434782608,0.6,0.8,0.8,3.6666666666666665,9.760136677640245,4332.0,4
24,0,Travel_Rarely,1127,Research & Development,18,1,Life Sciences,150,2,Male,52,3,1,Laboratory Technician,3,Married,2774,13257,0,No,12,3,3,1,6,2,3,5,3,1,2,18,0.8333333333333334,0.6,0.4,0.2,2.6666666666666665,7.928406026180535,2774.0,0
34,0,Travel_Rarely,1031,Research & Development,6,4,Life Sciences,151,3,Female,45,2,2,Research Scientist,2,Divorced,4505,15000,6,No,15,3,3,1,12,3,3,1,0,0,0,22,0.08333333333333333,0.0,0.0,0.0,2.6666666666666665,8.41316512099219,2252.5,0
37,0,Travel_Rarely,1189,Sales,3,3,Life Sciences,152,3,Male,87,3,3,Sales Executive,4,Single,7428,14506,2,No,12,3,1,0,12,3,3,5,3,1,3,25,0.4166666666666667,0.6,0.6,0.2,2.6666666666666665,8.913146539151807,2476.0,0
34,0,Travel_Rarely,1354,Research & Development,5,3,Medical,153,3,Female,45,2,3,Manager,1,Single,11631,5615,2,No,12,3,4,0,14,6,3,11,10,5,8,20,0.7857142857142857,0.9090909090909091,0.7272727272727273,0.45454545454545453,2.6666666666666665,9.3615151997733,3877.0,0
36,0,Travel_Frequently,1467,Sales,11,2,Technical Degree,154,2,Female,92,3,3,Sales Executive,4,Married,9738,22952,0,No,14,3,3,1,10,6,3,9,7,2,8,26,0.9,0.7777777777777778,0.8888888888888888,0.2222222222222222,3.0,9.1838937219612,3246.0,0
36,0,Travel_Rarely,922,Research & Development,3,2,Life Sciences,155,1,Female,39,3,1,Laboratory Technician,4,Divorced,2835,2561,5,No,22,4,1,1,7,2,3,1,0,0,0,29,0.14285714285714285,0.0,0.0,0.0,2.0,7.950149887652018,2835.0,0
43,0,Travel_Frequently,394,Sales,26,2,Life Sciences,158,3,Male,92,3,4,Manager,4,Married,16959,19494,1,Yes,12,3,4,2,25,3,4,25,12,4,12,18,1.0,0.48,0.48,0.16,3.6666666666666665,9.738612909345894,4239.75,3
30,0,Travel_Frequently,1312,Research & Development,23,3,Life Sciences,159,1,Male,96,1,1,Research Scientist,3,Divorced,2613,22310,1,No,25,4,3,3,10,2,2,10,7,0,9,20,1.0,0.7,0.9,0.0,2.3333333333333335,7.868636894184167,2613.0,0
33,0,Non-Travel,750,Sales,22,2,Marketing,160,3,Male,95,3,2,Sales Executive,2,Married,6146,15480,0,No,13,3,1,1,8,2,4,7,7,0,7,25,0.875,1.0,1.0,0.0,2.0,8.72371943690701,3073.0,0
56,1,Travel_Rarely,441,Research & Development,14,4,Life Sciences,161,2,Female,72,3,1,Research Scientist,2,Married,4963,4510,9,Yes,18,3,1,3,7,2,3,5,4,4,3,49,0.7142857142857143,0.8,0.6,0.8,1.6666666666666667,8.509967146324497,4963.0,3
51,0,Travel_Rarely,684,Research & Development,6,3,Life Sciences,162,1,Male,51,3,5,Research Director,3,Single,19537,6462,7,No,13,3,3,0,23,5,3,20,18,15,15,28,0.8695652173913043,0.9,0.75,0.75,2.3333333333333335,9.880116566212887,3907.4,0
31,1,Travel_Rarely,249,Sales,6,4,Life Sciences,163,2,Male,76,1,2,Sales Executive,3,Married,6172,20739,4,Yes,18,3,2,0,12,3,2,7,7,7,7,19,0.5833333333333334,1.0,1.0,1.0,2.3333333333333335,8.727940222393896,3086.0,1
26,0,Travel_Rarely,841,Research & Development,6,3,Other,164,3,Female,46,2,1,Research Scientist,2,Married,2368,23300,1,No,19,3,3,0,5,3,2,5,4,4,3,21,1.0,0.8,0.6,0.8,2.6666666666666665,7.7702232041587855,2368.0,0
58,1,Travel_Rarely,147,Research & Development,23,4,Medical,165,4,Female,94,3,3,Healthcare Representative,4,Married,10312,3465,1,No,12,3,4,1,40,3,2,40,10,15,6,18,1.0,0.25,0.15,0.375,4.0,9.24116051431607,3437.3333333333335,0
19,1,Travel_Rarely,528,Sales,22,1,Marketing,167,4,Male,50,3,1,Sales Representative,3,Single,1675,26820,1,Yes,19,3,4,0,0,2,2,0,0,0,0,19,0.0,0.0,0.0,0.0,3.6666666666666665,7.424165281042028,1675.0,3
22,0,Travel_Rarely,594,Research & Development,2,1,Technical Degree,169,3,Male,100,3,1,Laboratory Technician,4,Married,2523,19299,0,No,14,3,3,1,3,2,3,2,1,2,1,19,0.6666666666666666,0.5,0.5,1.0,3.3333333333333335,7.8336002236611035,2523.0,0
49,0,Travel_Rarely,470,Research & Development,20,4,Medical,170,3,Female,96,3,2,Manufacturing Director,1,Married,6567,5549,1,No,14,3,3,0,16,2,2,15,11,5,11,33,0.9375,0.7333333333333333,0.7333333333333333,0.3333333333333333,2.3333333333333335,8.789964651132264,3283.5,0
43,0,Travel_Frequently,957,Research & Development,28,3,Medical,171,2,Female,72,4,1,Research Scientist,3,Single,4739,16090,4,No,12,3,4,0,18,2,3,3,2,1,2,25,0.16666666666666666,0.6666666666666666,0.6666666666666666,0.3333333333333333,3.0,8.463792414689122,4739.0,0
50,0,Travel_Frequently,809,Sales,12,3,Marketing,174,3,Female,77,3,3,Sales Executive,4,Single,9208,6645,4,No,11,3,4,0,16,3,3,2,2,2,1,34,0.125,1.0,0.5,1.0,3.6666666666666665,9.127936545721367,3069.3333333333335,0
31,1,Travel_Rarely,542,Sales,20,3,Life Sciences,175,2,Female,71,1,2,Sales Executive,3,Married,4559,24788,3,Yes,11,3,3,1,4,2,3,2,2,2,2,27,0.5,1.0,1.0,1.0,2.6666666666666665,8.425077902508432,2279.5,1
41,0,Travel_Rarely,802,Sales,9,1,Life Sciences,176,3,Male,96,3,3,Sales Executive,3,Divorced,8189,21196,3,Yes,13,3,3,1,12,2,3,9,7,0,7,29,0.75,0.7777777777777778,0.7777777777777778,0.0,3.0,9.010669176847115,2729.6666666666665,3
26,0,Travel_Rarely,1355,Human Resources,25,1,Life Sciences,177,3,Female,61,3,1,Human Resources,3,Married,2942,8916,1,No,23,4,4,1,8,3,3,8,7,5,7,18,1.0,0.875,0.875,0.625,3.3333333333333335,7.987184748233473,2942.0,0
36,0,Travel_Rarely,216,Research & Development,6,2,Medical,178,2,Male,84,3,2,Manufacturing Director,2,Divorced,4941,2819,6,No,20,4,4,2,7,0,3,3,2,0,1,29,0.42857142857142855,0.6666666666666666,0.3333333333333333,0.0,2.6666666666666665,8.505525386548555,2470.5,0
51,1,Travel_Frequently,1150,Research & Development,8,4,Life Sciences,179,1,Male,53,1,3,Manufacturing Director,4,Single,10650,25150,2,No,15,3,4,0,18,2,3,4,2,0,3,33,0.2222222222222222,0.5,0.75,0.0,3.0,9.273409063443166,3550.0,0
39,0,Travel_Rarely,1329,Sales,4,4,Life Sciences,182,4,Female,47,2,2,Sales Executive,3,Married,5902,14590,4,No,14,3,3,1,17,1,4,15,11,5,9,22,0.8823529411764706,0.7333333333333333,0.6,0.3333333333333333,3.3333333333333335,8.683215975240689,2951.0,0
25,0,Travel_Rarely,959,Sales,28,3,Life Sciences,183,1,Male,41,2,2,Sales Executive,3,Married,8639,24835,2,No,18,3,4,0,6,3,3,2,2,2,2,19,0.3333333333333333,1.0,1.0,1.0,2.6666666666666665,9.064157861798101,4319.5,0
30,0,Travel_Rarely,1240,Human Resources,9,3,Human Resources,184,3,Male,48,3,2,Human Resources,4,Married,6347,13982,0,Yes,19,3,4,0,12,2,1,11,9,4,7,18,0.9166666666666666,0.8181818181818182,0.6363636363636364,0.36363636363636365,3.6666666666666665,8.7558950816463,3173.5,3
32,1,Travel_Rarely,1033,Research & Development,9,3,Medical,190,1,Female,41,3,1,Laboratory Technician,1,Single,4200,10224,7,No,22,4,1,0,10,2,4,5,4,0,4,22,0.5,0.8,0.8,0.0,1.0,8.343077871169383,4200.0,0
45,0,Travel_Rarely,1316,Research & Development,29,3,Medical,192,3,Male,83,3,1,Research Scientist,4,Single,3452,9752,5,No,13,3,2,0,9,2,2,6,5,0,3,36,0.6666666666666666,0.8333333333333334,0.5,0.0,3.0,8.146998697389993,3452.0,0
38,0,Travel_Rarely,364,Research & Development,3,5,Technical Degree,193,4,Female,32,3,2,Research Scientist,3,Single,4317,2302,3,Yes,20,4,2,0,19,2,3,3,2,2,2,19,0.15789473684210525,0.6666666666666666,0.6666666666666666,0.6666666666666666,3.0,8.370547611074752,2158.5,3
30,0,Travel_Rarely,438,Research & Development,18,3,Life Sciences,194,1,Female,75,3,1,Research Scientist,3,Single,2632,23910,1,No,14,3,3,0,5,4,2,5,4,0,4,25,1.0,0.8,0.8,0.0,2.3333333333333335,7.87587915949631,2632.0,0
32,0,Travel_Frequently,689,Sales,9,2,Medical,195,4,Male,35,1,2,Sales Executive,4,Divorced,4668,22812,0,No,17,3,4,3,9,2,4,8,7,0,7,23,0.8888888888888888,0.875,0.875,0.0,4.0,8.448700194970938,2334.0,0
30,0,Travel_Rarely,201,Research & Development,5,3,Technical Degree,197,4,Female,84,3,1,Research Scientist,1,Divorced,3204,10415,5,No,14,3,4,1,8,3,3,3,2,2,2,22,0.375,0.6666666666666666,0.6666666666666666,0.6666666666666666,3.0,8.07246736935477,3204.0,0
30,0,Travel_Rarely,1427,Research & Development,2,1,Medical,198,2,Male,35,2,1,Laboratory Technician,4,Single,2720,11162,0,No,13,3,4,0,6,3,3,5,3,1,2,24,0.8333333333333334,0.6,0.4,0.2,3.3333333333333335,7.908754738783246,2720.0,0
41,0,Travel_Frequently,857,Research & Development,10,3,Life Sciences,199,4,Male,91,2,4,Manager,1,Divorced,17181,12888,4,No,13,3,2,1,21,2,2,7,6,7,7,20,0.3333333333333333,0.8571428571428571,1.0,1.0,2.3333333333333335,9.751617603198001,4295.25,0
41,0,Travel_Rarely,933,Research & Development,9,4,Life Sciences,200,3,Male,94,3,1,Laboratory Technician,1,Married,2238,6961,2,No,21,4,4,1,7,2,3,5,0,1,4,34,0.7142857142857143,0.0,0.8,0.2,2.6666666666666665,7.713784616598755,2238.0,0
19,0,Travel_Rarely,1181,Research & Development,3,1,Medical,201,2,Female,79,3,1,Laboratory Technician,2,Single,1483,16102,1,No,14,3,4,0,1,3,3,1,0,0,0,18,1.0,0.0,0.0,0.0,2.6666666666666665,7.302496423727326,1483.0,0
40,0,Travel_Frequently,1395,Research & Development,26,3,Medical,202,2,Female,54,3,2,Research Scientist,2,Divorced,5605,8504,1,No,11,3,1,1,20,2,3,20,7,2,13,20,1.0,0.35,0.65,0.1,1.6666666666666667,8.631592731724734,2802.5,0
35,0,Travel_Rarely,662,Sales,1,5,Marketing,204,3,Male,94,3,3,Sales Executive,2,Married,7295,11439,1,No,13,3,1,2,10,3,3,10,8,0,6,25,1.0,0.8,0.6,0.0,2.0,8.895081531754167,2431.6666666666665,0
53,0,Travel_Rarely,1436,Sales,6,2,Marketing,205,2,Male,34,3,2,Sales Representative,3,Married,2306,16047,2,Yes,20,4,4,1,13,3,1,7,7,4,5,40,0.5384615384615384,1.0,0.7142857142857143,0.5714285714285714,3.0,7.7437032581737535,1153.0,3
45,0,Travel_Rarely,194,Research & Development,9,3,Life Sciences,206,2,Male,60,3,2,Laboratory Technician,2,Divorced,2348,10901,8,No,18,3,3,1,20,2,1,17,9,0,15,25,0.85,0.5294117647058824,0.8823529411764706,0.0,2.3333333333333335,7.761744984658913,1174.0,0
32,0,Travel_Frequently,967,Sales,8,3,Marketing,207,2,Female,43,3,3,Sales Executive,4,Single,8998,15589,1,No,14,3,4,0,9,2,3,9,8,3,7,23,1.0,0.8888888888888888,0.7777777777777778,0.3333333333333333,3.3333333333333335,9.104868739033948,2999.3333333333335,0
29,0,Non-Travel,1496,Research & Development,1,1,Technical Degree,208,4,Male,41,3,2,Manufacturing Director,3,Married,4319,26283,1,No,13,3,1,1,10,1,3,10,7,0,9,19,1.0,0.7,0.9,0.0,2.6666666666666665,8.371010681238156,2159.5,0
51,0,Travel_Rarely,1169,Research & Development,7,4,Medical,211,2,Male,34,2,2,Manufacturing Director,3,Married,6132,13983,2,No,17,3,3,0,10,2,3,1,0,0,0,41,0.1,0.0,0.0,0.0,2.6666666666666665,8.721439305625983,3066.0,0
58,0,Travel_Rarely,1145,Research & Development,9,3,Medical,214,2,Female,75,2,1,Research Scientist,2,Married,3346,11873,4,Yes,20,4,2,1,9,3,2,1,0,0,0,49,0.1111111111111111,0.0,0.0,0.0,2.0,8.115819701211327,3346.0,2
40,0,Travel_Rarely,630,Sales,4,4,Marketing,215,3,Male,67,2,3,Sales Executive,4,Married,10855,8552,7,No,11,3,1,1,15,2,2,12,11,2,11,25,0.8,0.9166666666666666,0.9166666666666666,0.16666666666666666,2.6666666666666665,9.292473201514705,3618.3333333333335,0
34,0,Travel_Frequently,303,Sales,2,4,Marketing,216,3,Female,75,3,1,Sales Representative,3,Married,2231,11314,6,No,18,3,4,1,6,3,3,4,3,1,2,28,0.6666666666666666,0.75,0.5,0.25,3.3333333333333335,7.710653323501202,2231.0,0
22,0,Travel_Rarely,1256,Research & Development,19,1,Medical,217,3,Male,80,3,1,Research Scientist,4,Married,2323,11992,1,No,24,4,1,2,2,6,3,2,2,2,2,20,1.0,1.0,1.0,1.0,2.6666666666666665,7.751045117971802,2323.0,0
27,0,Non-Travel,691,Research & Development,9,3,Medical,218,4,Male,57,3,1,Research Scientist,2,Divorced,2024,5970,6,No,18,3,4,1,6,1,1,2,2,2,2,21,0.3333333333333333,1.0,1.0,1.0,3.3333333333333335,7.613324979540639,2024.0,0
28,0,Travel_Rarely,440,Research & Development,21,3,Medical,221,3,Male,42,3,1,Research Scientist,4,Married,2713,6672,1,No,11,3,3,1,5,2,1,5,2,0,2,23,1.0,0.4,0.4,0.0,3.3333333333333335,7.906178840394815,2713.0,0
57,0,Travel_Rarely,334,Research & Development,24,2,Life Sciences,223,3,Male,83,4,3,Healthcare Representative,4,Divorced,9439,23402,3,Yes,16,3,2,1,12,2,1,5,3,1,4,45,0.4166666666666667,0.6,0.8,0.2,3.0,9.152711259139547,3146.3333333333335,4
27,0,Non-Travel,1450,Research & Development,3,3,Medical,224,3,Male,79,2,1,Research Scientist,3,Divorced,2566,25326,1,Yes,15,3,4,1,1,2,2,1,1,0,1,26,1.0,1.0,1.0,0.0,3.3333333333333335,7.8504931808711405,2566.0,2
50,0,Travel_Rarely,1452,Research & Development,11,3,Life Sciences,226,3,Female,53,3,5,Manager,2,Single,19926,17053,3,No,15,3,2,0,21,5,3,5,4,4,4,29,0.23809523809523808,0.8,0.8,0.8,2.3333333333333335,9.899830875032585,3985.2,0
41,0,Travel_Rarely,465,Research & Development,14,3,Life Sciences,227,1,Male,56,3,1,Research Scientist,3,Divorced,2451,4609,4,No,12,3,1,1,13,2,3,9,8,1,8,28,0.6923076923076923,0.8888888888888888,0.8888888888888888,0.1111111111111111,1.6666666666666667,7.804659297056102,2451.0,0
30,0,Travel_Rarely,1339,Sales,5,3,Life Sciences,228,2,Female,41,3,3,Sales Executive,4,Married,9419,8053,2,No,12,3,3,1,12,2,3,10,9,7,4,18,0.8333333333333334,0.9,0.4,0.7,3.0,9.150590367570409,3139.6666666666665,0
38,0,Travel_Rarely,702,Sales,1,4,Life Sciences,230,1,Female,59,2,2,Sales Executive,4,Single,8686,12930,4,No,22,4,3,0,12,2,4,8,3,0,7,26,0.6666666666666666,0.375,0.875,0.0,2.6666666666666665,9.06958293425992,4343.0,0
32,0,Travel_Rarely,120,Research & Development,6,5,Life Sciences,231,3,Male,43,3,1,Research Scientist,3,Single,3038,12430,3,No,20,4,1,0,8,2,3,5,4,1,4,24,0.625,0.8,0.8,0.2,2.3333333333333335,8.019283792916793,3038.0,0
27,0,Travel_Rarely,1157,Research & Development,17,3,Technical Degree,233,3,Male,51,3,1,Research Scientist,2,Married,3058,13364,0,Yes,16,3,4,1,6,3,2,5,2,1,1,21,0.8333333333333334,0.4,0.2,0.2,3.0,8.025843344150903,3058.0,3
19,1,Travel_Frequently,602,Sales,1,1,Technical Degree,235,3,Female,100,1,1,Sales Representative,1,Single,2325,20989,0,No,21,4,1,0,1,5,4,0,0,0,0,18,0.0,0.0,0.0,0.0,1.6666666666666667,7.75190533307861,2325.0,0
36,0,Travel_Frequently,1480,Research & Development,3,2,Medical,238,4,Male,30,3,1,Laboratory Technician,2,Single,2088,15062,4,No,12,3,3,0,13,3,2,8,7,7,2,23,0.6153846153846154,0.875,0.25,0.875,3.0,7.644440761556566,2088.0,0
30,0,Non-Travel,111,Research & Development,9,3,Medical,239,3,Male,66,3,2,Laboratory Technician,1,Divorced,3072,11012,1,No,11,3,3,2,12,4,3,12,9,6,10,18,1.0,0.75,0.8333333333333334,0.5,2.3333333333333335,8.030409562130485,1536.0,0
45,0,Travel_Rarely,1268,Sales,4,2,Life Sciences,240,3,Female,30,3,2,Sales Executive,1,Divorced,5006,6319,4,Yes,11,3,1,1,9,3,4,5,4,0,3,36,0.5555555555555556,0.8,0.6,0.0,1.6666666666666667,8.518592212329946,2503.0,3
56,0,Travel_Rarely,713,Research & Development,8,3,Life Sciences,241,3,Female,67,3,1,Research Scientist,1,Divorced,4257,13939,4,Yes,18,3,3,1,19,3,3,2,2,2,2,37,0.10526315789473684,1.0,1.0,1.0,2.3333333333333335,8.356554845453426,4257.0,3
33,0,Travel_Rarely,134,Research & Development,2,3,Life Sciences,242,3,Male,90,3,1,Research Scientist,4,Single,2500,10515,0,No,14,3,1,0,4,2,4,3,1,0,2,29,0.75,0.3333333333333333,0.6666666666666666,0.0,2.6666666666666665,7.824445930877619,2500.0,0
19,1,Travel_Rarely,303,Research & Development,2,3,Life Sciences,243,2,Male,47,2,1,Laboratory Technician,4,Single,1102,9241,1,No,22,4,3,0,1,3,2,1,0,1,0,18,1.0,0.0,0.0,1.0,3.0,7.005789019253503,1102.0,0
46,0,Travel_Rarely,526,Sales,1,2,Marketing,244,2,Female,92,3,3,Sales Executive,1,Divorced,10453,2137,1,No,25,4,3,3,24,2,3,24,13,15,7,22,1.0,0.5416666666666666,0.2916666666666667,0.625,2.0,9.254739959272866,3484.3333333333335,0
38,0,Travel_Rarely,1380,Research & Development,9,2,Life Sciences,245,3,Female,75,3,1,Laboratory Technician,4,Single,2288,6319,1,No,12,3,3,0,2,3,3,2,2,2,1,36,1.0,1.0,0.5,1.0,3.3333333333333335,7.735870319952567,2288.0,0
31,0,Travel_Rarely,140,Research & Development,12,1,Medical,246,3,Female,95,3,1,Research Scientist,4,Married,3929,6984,8,Yes,23,4,3,1,7,0,3,4,2,0,2,24,0.5714285714285714,0.5,0.5,0.0,3.3333333333333335,8.276394704863307,3929.0,3
34,0,Travel_Rarely,629,Research & Development,27,2,Medical,247,4,Female,95,3,1,Research Scientist,2,Single,2311,5711,2,No,15,3,4,0,9,3,3,3,2,1,2,25,0.3333333333333333,0.6666666666666666,0.6666666666666666,0.3333333333333333,3.3333333333333335,7.7458682297922685,2311.0,0
41,1,Travel_Rarely,1356,Sales,20,2,Marketing,248,2,Female,70,3,1,Sales Representative,2,Single,3140,21728,1,Yes,22,4,4,0,4,5,2,4,3,0,2,37,1.0,0.75,0.5,0.0,2.6666666666666665,8.052296499538647,3140.0,3
50,0,Travel_Rarely,328,Research & Development,1,3,Medical,249,3,Male,86,2,1,Laboratory Technician,3,Married,3690,3425,2,No,15,3,4,1,5,2,2,3,2,0,2,45,0.6,0.6666666666666666,0.6666666666666666,0.0,3.3333333333333335,8.213652703029998,3690.0,0
53,0,Travel_Rarely,1084,Research & Development,13,2,Medical,250,4,Female,57,4,2,Manufacturing Director,1,Divorced,4450,26250,1,No,11,3,3,2,5,3,3,4,2,1,3,48,0.8,0.5,0.75,0.25,2.6666666666666665,8.400884069015854,2225.0,0
33,0,Travel_Rarely,931,Research & Development,14,3,Medical,252,4,Female,72,3,1,Research Scientist,2,Married,2756,4673,1,No,13,3,4,1,8,5,3,8,7,1,6,25,1.0,0.875,0.75,0.125,3.3333333333333335,7.921898411023797,2756.0,0
40,0,Travel_Rarely,989,Research & Development,4,1,Medical,253,4,Female,46,3,5,Manager,3,Married,19033,6499,1,No,14,3,2,1,21,2,3,20,8,9,9,19,0.9523809523809523,0.4,0.45,0.45,3.0,9.85398213263229,3806.6,0
55,0,Travel_Rarely,692,Research & Development,14,4,Medical,254,3,Male,61,4,5,Research Director,2,Single,18722,13339,8,No,11,3,4,0,36,3,3,24,15,2,15,19,0.6666666666666666,0.625,0.625,0.08333333333333333,3.0,9.837507993602152,3744.4,0
34,0,Travel_Frequently,1069,Research & Development,2,1,Life Sciences,256,4,Male,45,2,2,Manufacturing Director,3,Married,9547,14074,1,No,17,3,3,0,10,2,2,10,9,1,9,24,1.0,0.9,0.9,0.1,3.3333333333333335,9.16408698745872,4773.5,0
51,0,Travel_Rarely,313,Research & Development,3,3,Medical,258,4,Female,98,3,4,Healthcare Representative,2,Single,13734,7192,3,No,18,3,3,0,21,6,3,7,7,1,0,30,0.3333333333333333,1.0,0.0,0.14285714285714285,3.0,9.527702598529375,3433.5,0
52,0,Travel_Rarely,699,Research & Development,1,4,Life Sciences,259,3,Male,65,2,5,Manager,3,Married,19999,5678,0,No,14,3,1,1,34,5,3,33,18,11,9,18,0.9705882352941176,0.5454545454545454,0.2727272727272727,0.3333333333333333,2.3333333333333335,9.903487552536127,3999.8,0
27,0,Travel_Rarely,894,Research & Development,9,3,Medical,260,4,Female,99,3,1,Research Scientist,2,Single,2279,11781,1,No,16,3,4,0,7,2,2,7,7,0,3,20,1.0,1.0,0.42857142857142855,0.0,3.3333333333333335,7.731930721948486,2279.0,0
35,1,Travel_Rarely,556,Research & Development,23,2,Life Sciences,261,2,Male,50,2,2,Manufacturing Director,3,Married,5916,15497,3,Yes,13,3,1,0,8,1,3,1,0,0,1,27,0.125,0.0,1.0,0.0,2.0,8.685584842676693,2958.0,2
43,0,Non-Travel,1344,Research & Development,7,3,Medical,262,4,Male,37,4,1,Research Scientist,4,Divorced,2089,5228,4,No,14,3,4,3,7,3,4,5,4,2,2,36,0.7142857142857143,0.8,0.4,0.4,4.0,7.644919344958857,2089.0,0
45,0,Non-Travel,1195,Research & Development,2,2,Medical,264,1,Male,65,2,4,Manager,4,Married,16792,20462,9,No,23,4,4,1,22,1,3,20,8,11,8,23,0.9090909090909091,0.4,0.4,0.55,3.0,9.728717411895008,4198.0,0
37,0,Travel_Rarely,290,Research & Development,21,3,Life Sciences,267,2,Male,65,4,1,Research Scientist,1,Married,3564,22977,1,Yes,12,3,1,1,8,3,2,8,7,1,7,29,1.0,0.875,0.875,0.125,1.3333333333333333,8.178919332848396,3564.0,4
35,0,Travel_Frequently,138,Research & Development,2,3,Medical,269,2,Female,37,3,2,Laboratory Technician,2,Single,4425,15986,5,No,11,3,4,0,10,5,3,6,2,1,2,25,0.6,0.3333333333333333,0.3333333333333333,0.16666666666666666,2.6666666666666665,8.395251520610994,2212.5,0
42,0,Non-Travel,926,Research & Development,21,2,Medical,270,3,Female,36,3,2,Manufacturing Director,3,Divorced,5265,16439,2,No,16,3,2,1,11,5,3,5,3,0,2,31,0.45454545454545453,0.6,0.4,0.0,2.6666666666666665,8.569026340056254,2632.5,0
38,0,Travel_Rarely,1261,Research & Development,2,4,Life Sciences,271,4,Male,88,3,2,Manufacturing Director,3,Married,6553,7259,9,No,14,3,2,0,14,3,3,1,0,0,0,24,0.07142857142857142,0.0,0.0,0.0,3.0,8.787830829258759,3276.5,0
38,0,Travel_Rarely,1084,Research & Development,29,3,Technical Degree,273,4,Male,54,3,2,Manufacturing Director,4,Married,6261,4185,3,No,18,3,1,1,9,3,1,7,7,1,7,29,0.7777777777777778,1.0,1.0,0.14285714285714285,3.0,8.742254901886351,3130.5,0
27,0,Travel_Frequently,472,Research & Development,1,1,Technical Degree,274,3,Male,60,2,2,Manufacturing Director,1,Married,4298,9679,5,No,19,3,3,1,6,1,3,2,2,2,0,21,0.3333333333333333,1.0,0.0,1.0,2.3333333333333335,8.366137716496281,2149.0,0
49,0,Non-Travel,1002,Research & Development,18,4,Life Sciences,275,4,Male,92,3,2,Manufacturing Director,4,Divorced,6804,23793,1,Yes,15,3,1,2,7,0,3,7,7,1,7,42,1.0,1.0,1.0,0.14285714285714285,3.0,8.825412915085566,3402.0,3
34,0,Travel_Frequently,878,Research & Development,10,4,Medical,277,4,Male,43,3,1,Research Scientist,3,Divorced,3815,5972,1,Yes,17,3,4,1,5,4,4,5,3,2,0,29,1.0,0.6,0.0,0.4,3.6666666666666665,8.246958032568177,3815.0,3
40,0,Travel_Rarely,905,Research & Development,19,2,Medical,281,3,Male,99,3,2,Laboratory Technician,4,Married,2741,16523,8,Yes,15,3,3,1,15,2,4,7,2,3,7,25,0.4666666666666667,0.2857142857142857,1.0,0.42857142857142855,3.3333333333333335,7.91644286012226,1370.5,3
38,1,Travel_Rarely,1180,Research & Development,29,1,Medical,282,2,Male,70,3,2,Healthcare Representative,1,Married,6673,11354,7,Yes,19,3,2,0,17,2,3,1,0,0,0,21,0.058823529411764705,0.0,0.0,0.0,1.6666666666666667,8.80597465931132,3336.5,3
29,1,Travel_Rarely,121,Sales,27,3,Marketing,283,2,Female,35,3,3,Sales Executive,4,Married,7639,24525,1,No,22,4,4,3,10,3,2,10,4,1,9,19,1.0,0.4,0.9,0.1,3.3333333333333335,8.941152882160566,2546.3333333333335,0
22,0,Travel_Rarely,1136,Research & Development,5,3,Life Sciences,284,4,Male,60,4,1,Research Scientist,2,Divorced,2328,12392,1,Yes,16,3,1,1,4,2,2,4,2,2,2,18,1.0,0.5,0.5,0.5,2.3333333333333335,7.753194269884341,2328.0,4
36,0,Travel_Frequently,635,Research & Development,18,1,Medical,286,2,Female,73,3,1,Laboratory Technician,4,Single,2153,7703,1,No,13,3,1,0,8,2,3,8,1,1,7,28,1.0,0.125,0.875,0.125,2.3333333333333335,7.675081857716334,2153.0,0
40,0,Non-Travel,1151,Research & Development,9,5,Life Sciences,287,4,Male,63,2,2,Healthcare Representative,4,Married,4876,14242,9,No,14,3,4,1,5,5,1,3,2,0,2,35,0.6,0.6666666666666666,0.6666666666666666,0.0,4.0,8.492285555710053,2438.0,0
46,0,Travel_Rarely,644,Research & Development,1,4,Medical,288,4,Male,97,3,3,Healthcare Representative,1,Divorced,9396,12368,7,No,16,3,3,1,17,3,3,4,2,0,3,29,0.23529411764705882,0.5,0.75,0.0,2.6666666666666665,9.148145768383065,3132.0,0
32,1,Travel_Rarely,1045,Sales,4,4,Medical,291,4,Male,32,1,3,Sales Executive,4,Married,10400,25812,1,No,11,3,3,0,14,2,2,14,8,9,8,18,1.0,0.5714285714285714,0.5714285714285714,0.6428571428571429,3.6666666666666665,9.249657234353133,3466.6666666666665,0
30,0,Non-Travel,829,Research & Development,1,1,Life Sciences,292,3,Male,88,2,3,Manufacturing Director,3,Single,8474,20925,1,No,22,4,3,0,12,2,3,11,8,5,8,18,0.9166666666666666,0.7272727272727273,0.7272727272727273,0.45454545454545453,3.0,9.044875932248651,2824.6666666666665,0
27,0,Travel_Frequently,1242,Sales,20,3,Life Sciences,293,4,Female,90,3,2,Sales Executive,3,Single,9981,12916,1,No,14,3,4,0,7,2,3,7,7,0,7,20,1.0,1.0,1.0,0.0,3.6666666666666665,9.208538750029554,4990.5,0
51,0,Travel_Rarely,1469,Research & Development,8,4,Life Sciences,296,2,Male,81,2,3,Research Director,2,Married,12490,15736,5,No,16,3,4,2,16,5,1,10,9,4,7,35,0.625,0.9,0.7,0.4,2.6666666666666665,9.43276366396591,4163.333333333333,0
30,1,Travel_Rarely,1005,Research & Development,3,3,Technical Degree,297,4,Female,88,3,1,Research Scientist,1,Single,2657,8556,5,Yes,11,3,3,0,8,5,3,5,2,0,4,22,0.625,0.4,0.8,0.0,2.6666666666666665,7.885329239273191,2657.0,3
41,0,Travel_Rarely,896,Sales,6,3,Life Sciences,298,4,Female,75,3,3,Manager,4,Single,13591,14674,3,Yes,18,3,3,0,16,3,3,1,0,0,0,25,0.0625,0.0,0.0,0.0,3.6666666666666665,9.517236663351769,4530.333333333333,3
30,1,Travel_Frequently,334,Sales,26,4,Marketing,299,3,Female,52,2,2,Sales Executive,1,Single,6696,22967,5,No,15,3,3,0,9,5,2,6,3,0,1,21,0.6666666666666666,0.5,0.16666666666666666,0.0,2.3333333333333335,8.80941494391005,3348.0,0
29,1,Travel_Rarely,992,Research & Development,1,3,Technical Degree,300,3,Male,85,3,1,Research Scientist,3,Single,2058,19757,0,No,14,3,4,0,7,1,2,6,2,1,5,22,0.8571428571428571,0.3333333333333333,0.8333333333333334,0.16666666666666666,3.3333333333333335,7.629975707027789,2058.0,0
45,0,Non-Travel,1052,Sales,6,3,Medical,302,4,Female,57,2,3,Sales Executive,4,Single,8865,16840,6,No,12,3,4,0,23,2,3,19,7,12,8,22,0.8260869565217391,0.3684210526315789,0.42105263157894735,0.631578947368421,4.0,9.089979015305,2955.0,0
54,0,Travel_Rarely,1147,Sales,3,3,Marketing,303,4,Female,52,3,2,Sales Executive,1,Married,5940,17011,2,No,14,3,4,1,16,4,3,6,2,0,5,38,0.375,0.3333333333333333,0.8333333333333334,0.0,3.0,8.689632748355741,2970.0,0
36,0,Travel_Rarely,1396,Research & Development,5,2,Life Sciences,304,4,Male,62,3,2,Laboratory Technician,2,Single,5914,9945,8,No,16,3,4,0,16,3,4,13,11,3,7,20,0.8125,0.8461538461538461,0.5384615384615384,0.23076923076923078,3.3333333333333335,8.685246776412487,2957.0,0
33,0,Travel_Rarely,147,Research & Development,4,4,Medical,305,3,Female,47,2,1,Research Scientist,2,Married,2622,13248,6,No,21,4,4,0,7,3,3,3,2,1,1,26,0.42857142857142855,0.6666666666666666,0.3333333333333333,0.3333333333333333,3.0,7.872073979866873,2622.0,0
37,0,Travel_Frequently,663,Research & Development,11,3,Other,306,2,Male,47,3,3,Research Director,4,Divorced,12185,10056,1,Yes,14,3,3,3,10,1,3,10,8,0,7,27,1.0,0.8,0.7,0.0,3.0,9.40804303080844,4061.6666666666665,3
38,0,Travel_Rarely,119,Sales,3,3,Life Sciences,307,1,Male,76,3,3,Sales Executive,3,Divorced,10609,9647,0,No,12,3,3,2,17,6,2,16,10,5,13,21,0.9411764705882353,0.625,0.8125,0.3125,2.3333333333333335,9.26955223160803,3536.3333333333335,0
31,0,Non-Travel,979,Research & Development,1,4,Medical,308,3,Male,90,1,2,Manufacturing Director,3,Married,4345,4381,0,No,12,3,4,1,6,2,3,5,4,1,4,25,0.8333333333333334,0.8,0.8,0.2,3.3333333333333335,8.377011160816375,2172.5,0
59,0,Travel_Rarely,142,Research & Development,3,3,Life Sciences,309,3,Male,70,2,1,Research Scientist,4,Married,2177,8456,3,No,17,3,1,1,7,6,3,1,0,0,0,52,0.14285714285714285,0.0,0.0,0.0,2.6666666666666665,7.686162303492906,2177.0,0
37,0,Travel_Frequently,319,Sales,4,4,Marketing,311,1,Male,41,3,1,Sales Representative,4,Divorced,2793,2539,4,No,17,3,3,1,13,2,3,9,8,5,8,24,0.6923076923076923,0.8888888888888888,0.8888888888888888,0.5555555555555556,2.6666666666666665,7.935229539816907,2793.0,0
29,0,Travel_Frequently,1413,Sales,1,1,Medical,312,2,Female,42,3,3,Sales Executive,4,Married,7918,6599,1,No,14,3,4,1,11,5,3,11,10,4,1,18,1.0,0.9090909090909091,0.09090909090909091,0.36363636363636365,3.3333333333333335,8.977020214210413,2639.3333333333335,0
35,0,Travel_Frequently,944,Sales,1,3,Marketing,314,3,Female,92,3,3,Sales Executive,3,Single,8789,9096,1,No,14,3,1,0,10,3,4,10,7,0,8,25,1.0,0.7,0.8,0.0,2.3333333333333335,9.081369990679223,2929.6666666666665,0
29,1,Travel_Rarely,896,Research & Development,18,1,Medical,315,3,Male,86,2,1,Research Scientist,4,Single,2389,14961,1,Yes,13,3,3,0,4,3,2,4,3,0,1,25,1.0,0.75,0.25,0.0,3.3333333333333335,7.779048644925556,2389.0,2
52,0,Travel_Rarely,1323,Research & Development,2,3,Life Sciences,316,3,Female,89,2,1,Laboratory Technician,4,Single,3212,3300,7,No,15,3,2,0,6,3,2,2,2,2,2,46,0.3333333333333333,1.0,1.0,1.0,3.0,8.074960359115858,3212.0,0
42,0,Travel_Rarely,532,Research & Development,4,2,Technical Degree,319,3,Male,58,3,5,Manager,4,Married,19232,4933,1,No,11,3,4,0,22,3,3,22,17,11,15,20,1.0,0.7727272727272727,0.6818181818181818,0.5,3.6666666666666665,9.864382832655368,3846.4,0
59,0,Travel_Rarely,818,Human Resources,6,2,Medical,321,2,Male,52,3,1,Human Resources,3,Married,2267,25657,8,No,17,3,4,0,7,2,2,2,2,2,2,52,0.2857142857142857,1.0,1.0,1.0,3.0,7.7266536648476425,2267.0,0
50,0,Travel_Rarely,854,Sales,1,4,Medical,323,4,Female,68,3,5,Manager,4,Divorced,19517,24118,3,No,11,3,3,1,32,3,2,7,0,0,6,18,0.21875,0.0,0.8571428571428571,0.0,3.6666666666666665,9.879092395701406,3903.4,0
33,1,Travel_Rarely,813,Research & Development,14,3,Medical,325,3,Male,58,3,1,Laboratory Technician,4,Married,2436,22149,5,Yes,13,3,3,1,8,2,1,5,4,0,4,25,0.625,0.8,0.8,0.0,3.3333333333333335,7.798523053625206,2436.0,3
43,0,Travel_Rarely,1034,Sales,16,3,Marketing,327,4,Female,80,3,4,Manager,4,Married,16064,7744,5,Yes,22,4,3,1,22,3,3,17,13,1,9,21,0.7727272727272727,0.7647058823529411,0.5294117647058824,0.058823529411764705,3.6666666666666665,9.68439827154996,4016.0,3
33,1,Travel_Rarely,465,Research & Development,2,2,Life Sciences,328,1,Female,39,3,1,Laboratory Technician,1,Married,2707,21509,7,No,20,4,1,0,13,3,4,9,7,1,7,20,0.6923076923076923,0.7777777777777778,0.7777777777777778,0.1111111111111111,1.0,7.903965634032166,2707.0,0
52,0,Non-Travel,771,Sales,2,4,Life Sciences,329,1,Male,79,2,5,Manager,3,Single,19068,21030,1,Yes,18,3,4,0,33,2,4,33,7,15,12,19,1.0,0.21212121212121213,0.36363636363636365,0.45454545454545453,2.6666666666666665,9.855819258834627,3813.6,2
32,0,Travel_Rarely,1401,Sales,4,2,Life Sciences,330,3,Female,56,3,1,Sales Representative,2,Married,3931,20990,2,No,11,3,1,1,6,5,3,4,3,1,2,26,0.6666666666666666,0.75,0.5,0.25,2.0,8.276903481267057,3931.0,0
32,1,Travel_Rarely,515,Research & Development,1,3,Life Sciences,331,4,Male,62,2,1,Laboratory Technician,3,Single,3730,9571,0,Yes,14,3,4,0,4,2,1,3,2,1,2,28,0.75,0.6666666666666666,0.6666666666666666,0.3333333333333333,3.6666666666666665,8.224431573221159,3730.0,2
39,0,Travel_Rarely,1431,Research & Development,1,4,Medical,332,3,Female,96,3,1,Laboratory Technician,3,Divorced,2232,15417,7,No,14,3,3,3,7,1,3,3,2,1,2,32,0.42857142857142855,0.6666666666666666,0.6666666666666666,0.3333333333333333,3.0,7.711101251840158,2232.0,0
32,0,Non-Travel,976,Sales,26,4,Marketing,333,3,Male,100,3,2,Sales Executive,4,Married,4465,12069,0,No,18,3,1,0,4,2,3,3,2,2,2,28,0.75,0.6666666666666666,0.6666666666666666,0.6666666666666666,2.6666666666666665,8.404248432400102,2232.5,0
41,0,Travel_Rarely,1411,Research & Development,19,2,Life Sciences,334,3,Male,36,3,2,Research Scientist,1,Divorced,3072,19877,2,No,16,3,1,2,17,2,2,1,0,0,0,24,0.058823529411764705,0.0,0.0,0.0,1.6666666666666667,8.030409562130485,1536.0,0
40,0,Travel_Rarely,1300,Research & Development,24,2,Technical Degree,335,1,Male,62,3,2,Research Scientist,4,Divorced,3319,24447,1,No,17,3,1,2,9,3,3,9,8,4,7,31,1.0,0.8888888888888888,0.7777777777777778,0.4444444444444444,2.0,8.107720061910534,1659.5,0
45,0,Travel_Rarely,252,Research & Development,1,3,Other,336,3,Male,70,4,5,Manager,4,Married,19202,15970,0,No,11,3,3,1,25,2,3,24,0,1,7,20,0.96,0.0,0.2916666666666667,0.041666666666666664,3.3333333333333335,9.862821795810113,3840.4,0
31,0,Travel_Frequently,1327,Research & Development,3,4,Medical,337,2,Male,73,3,3,Research Director,3,Divorced,13675,13523,9,No,12,3,1,1,9,3,3,2,2,2,2,22,0.2222222222222222,1.0,1.0,1.0,2.0,9.523397750759193,4558.333333333333,0
33,0,Travel_Rarely,832,Research & Development,5,4,Life Sciences,338,3,Female,63,2,1,Research Scientist,4,Married,2911,14776,1,No,13,3,3,1,2,2,2,2,2,0,2,31,1.0,1.0,1.0,0.0,3.3333333333333335,7.976595409316577,2911.0,0
34,0,Travel_Rarely,470,Research & Development,2,4,Life Sciences,339,4,Male,84,2,2,Manufacturing Director,1,Married,5957,23687,6,No,13,3,2,1,13,3,3,11,9,5,9,21,0.8461538461538461,0.8181818181818182,0.8181818181818182,0.45454545454545453,2.3333333333333335,8.692490133273228,2978.5,0
37,0,Travel_Rarely,1017,Research & Development,1,2,Medical,340,3,Female,83,2,1,Research Scientist,1,Married,3920,18697,2,No,14,3,1,1,17,2,2,3,1,0,2,20,0.17647058823529413,0.3333333333333333,0.6666666666666666,0.0,1.6666666666666667,8.27410200229233,3920.0,0
45,0,Travel_Frequently,1199,Research & Development,7,4,Life Sciences,341,1,Male,77,4,2,Manufacturing Director,3,Married,6434,5118,4,No,17,3,4,1,9,1,3,3,2,0,2,36,0.3333333333333333,0.6666666666666666,0.6666666666666666,0.0,2.6666666666666665,8.769507120030227,3217.0,0
37,1,Travel_Frequently,504,Research & Development,10,3,Medical,342,1,Male,61,3,3,Manufacturing Director,3,Divorced,10048,22573,6,No,11,3,2,2,17,5,3,1,0,0,0,20,0.058823529411764705,0.0,0.0,0.0,2.0,9.21522840604896,3349.3333333333335,0
39,0,Travel_Frequently,505,Research & Development,2,4,Technical Degree,343,3,Female,64,3,3,Healthcare Representative,3,Single,10938,6420,0,No,25,4,4,0,20,1,3,19,6,11,8,19,0.95,0.3157894736842105,0.42105263157894735,0.5789473684210527,3.3333333333333335,9.30008966411979,3646.0,0
29,0,Travel_Rarely,665,Research & Development,15,3,Life Sciences,346,3,Male,60,3,1,Research Scientist,4,Single,2340,22673,1,No,19,3,1,0,6,1,3,6,5,1,5,23,1.0,0.8333333333333334,0.8333333333333334,0.16666666666666666,2.6666666666666665,7.75833346749091,2340.0,0
42,0,Travel_Rarely,916,Research & Development,17,2,Life Sciences,347,4,Female,82,4,2,Research Scientist,1,Single,6545,23016,3,Yes,13,3,3,0,10,1,3,3,2,0,2,32,0.3,0.6666666666666666,0.6666666666666666,0.0,2.6666666666666665,8.786609455061125,3272.5,4
29,0,Travel_Rarely,1247,Sales,20,2,Marketing,349,4,Male,45,3,2,Sales Executive,4,Divorced,6931,10732,2,No,14,3,4,1,10,2,3,3,2,0,2,19,0.3,0.6666666666666666,0.6666666666666666,0.0,4.0,8.843903650835497,3465.5,0
25,0,Travel_Rarely,685,Research & Development,1,3,Life Sciences,350,1,Female,62,3,2,Manufacturing Director,3,Married,4898,7505,0,No,12,3,4,2,5,3,3,4,2,1,2,20,0.8,0.5,0.5,0.25,2.6666666666666665,8.496786381638575,2449.0,0
42,0,Travel_Rarely,269,Research & Development,2,3,Medical,351,4,Female,56,2,1,Laboratory Technician,1,Divorced,2593,8007,0,Yes,11,3,3,1,10,4,3,9,6,7,8,32,0.9,0.6666666666666666,0.8888888888888888,0.7777777777777778,2.6666666666666665,7.860956364876389,2593.0,2
40,0,Travel_Rarely,1416,Research & Development,2,2,Medical,352,1,Male,49,3,5,Research Director,3,Divorced,19436,5949,0,No,19,3,4,1,22,5,3,21,7,3,9,18,0.9545454545454546,0.3333333333333333,0.42857142857142855,0.14285714285714285,2.6666666666666665,9.874933745118067,3887.2,0
51,0,Travel_Rarely,833,Research & Development,1,3,Life Sciences,353,3,Male,96,3,1,Research Scientist,4,Married,2723,23231,1,No,11,3,2,0,1,0,2,1,0,0,0,50,1.0,0.0,0.0,0.0,3.0,7.909856667269403,2723.0,0
31,1,Travel_Frequently,307,Research & Development,29,2,Medical,355,3,Male,71,2,1,Laboratory Technician,2,Single,3479,11652,0,No,11,3,2,0,6,2,4,5,4,1,4,25,0.8333333333333334,0.8,0.8,0.2,2.3333333333333335,8.15478757276852,3479.0,0
32,0,Travel_Frequently,1311,Research & Development,7,3,Life Sciences,359,2,Male,100,4,1,Laboratory Technician,2,Married,2794,26062,1,No,20,4,3,0,5,3,1,5,1,0,3,27,1.0,0.2,0.6,0.0,2.3333333333333335,7.9355873855892,2794.0,0
38,0,Non-Travel,1327,Sales,2,2,Life Sciences,361,4,Male,39,2,2,Sales Executive,4,Married,5249,19682,3,No,18,3,4,1,13,0,3,8,7,7,5,25,0.6153846153846154,0.875,0.625,0.875,4.0,8.565983355585669,2624.5,0
32,0,Travel_Rarely,128,Research & Development,2,1,Technical Degree,362,4,Male,84,2,2,Laboratory Technician,1,Single,2176,19737,4,No,13,3,4,0,9,5,3,6,2,0,4,23,0.6666666666666666,0.3333333333333333,0.6666666666666666,0.0,3.0,7.685703061234547,1088.0,0
46,0,Travel_Rarely,488,Sales,2,3,Technical Degree,363,3,Female,75,1,4,Manager,2,Married,16872,14977,3,Yes,12,3,2,1,28,2,2,7,7,7,7,18,0.25,1.0,1.0,1.0,2.3333333333333335,9.733469990198337,4218.0,1
28,1,Travel_Rarely,529,Research & Development,2,4,Life Sciences,364,1,Male,79,3,1,Laboratory Technician,3,Single,3485,14935,2,No,11,3,3,0,5,5,1,0,0,0,0,23,0.0,0.0,0.0,0.0,2.3333333333333335,8.156510226079966,3485.0,0
29,0,Travel_Rarely,1210,Sales,2,3,Medical,366,1,Male,78,2,2,Sales Executive,2,Married,6644,3687,2,No,19,3,2,2,10,2,3,0,0,0,0,19,0.0,0.0,0.0,0.0,1.6666666666666667,8.801619971147346,3322.0,0
31,0,Travel_Rarely,1463,Research & Development,23,3,Medical,367,2,Male,64,2,2,Healthcare Representative,4,Married,5582,14408,0,No,21,4,2,1,10,2,3,9,0,7,8,21,0.9,0.0,0.8888888888888888,0.7777777777777778,2.6666666666666665,8.62748154531036,2791.0,0
25,0,Non-Travel,675,Research & Development,5,2,Life Sciences,369,2,Male,85,4,2,Healthcare Representative,1,Divorced,4000,18384,1,No,12,3,4,2,6,2,3,6,3,1,5,19,1.0,0.5,0.8333333333333334,0.16666666666666666,2.3333333333333335,8.294299608857235,2000.0,0
45,0,Travel_Rarely,1385,Research & Development,20,2,Medical,372,3,Male,79,3,4,Healthcare Representative,4,Married,13496,7501,0,Yes,14,3,2,0,21,2,3,20,7,4,10,24,0.9523809523809523,0.35,0.5,0.2,3.0,9.510222717509283,3374.0,3
36,0,Travel_Rarely,1403,Research & Development,6,3,Life Sciences,373,4,Male,47,3,1,Laboratory Technician,4,Married,3210,20251,0,No,11,3,3,1,16,4,3,15,13,10,11,20,0.9375,0.8666666666666667,0.7333333333333333,0.6666666666666666,3.6666666666666665,8.074337694089515,3210.0,0
55,0,Travel_Rarely,452,Research & Development,1,3,Medical,374,4,Male,81,3,5,Manager,1,Single,19045,18938,0,Yes,14,3,3,0,37,2,3,36,10,4,13,18,0.972972972972973,0.2777777777777778,0.3611111111111111,0.1111111111111111,2.6666666666666665,9.854612384753992,3809.0,3
47,1,Non-Travel,666,Research & Development,29,4,Life Sciences,376,1,Male,88,3,3,Manager,2,Married,11849,10268,1,Yes,12,3,4,1,10,2,2,10,7,9,9,37,1.0,0.7,0.9,0.9,2.3333333333333335,9.380083146563278,3949.6666666666665,3
28,0,Travel_Rarely,1158,Research & Development,9,3,Medical,377,4,Male,94,3,1,Research Scientist,4,Married,2070,2613,1,No,23,4,4,1,5,3,2,5,2,0,4,23,1.0,0.4,0.8,0.0,4.0,7.635786861395585,2070.0,0
37,0,Travel_Rarely,228,Sales,6,4,Medical,378,3,Male,98,3,2,Sales Executive,4,Married,6502,22825,4,No,14,3,2,1,7,5,4,5,4,0,1,30,0.7142857142857143,0.8,0.2,0.0,3.0,8.780018887869153,3251.0,0
21,0,Travel_Rarely,996,Research & Development,3,2,Medical,379,4,Male,100,2,1,Research Scientist,3,Single,3230,10531,1,No,17,3,1,0,3,4,4,3,2,1,0,18,1.0,0.6666666666666666,0.0,0.3333333333333333,2.6666666666666665,8.080546965824498,3230.0,0
37,0,Non-Travel,728,Research & Development,1,4,Medical,380,1,Female,80,3,3,Research Director,4,Divorced,13603,11677,2,Yes,18,3,1,2,15,2,3,5,2,0,2,22,0.3333333333333333,0.4,0.4,0.0,2.0,9.518119146127086,4534.333333333333,3
35,0,Travel_Rarely,1315,Research & Development,22,3,Life Sciences,381,2,Female,71,4,3,Manager,2,Divorced,11996,19100,7,No,18,3,2,1,10,6,2,7,7,6,2,25,0.7,1.0,0.2857142857142857,0.8571428571428571,2.0,9.392411897514927,3998.6666666666665,0
38,0,Travel_Rarely,322,Sales,7,2,Medical,382,1,Female,44,4,2,Sales Executive,1,Divorced,5605,19191,1,Yes,24,4,3,1,8,3,3,8,0,7,7,30,1.0,0.0,0.875,0.875,1.6666666666666667,8.631592731724734,2802.5,4
26,0,Travel_Frequently,1479,Research & Development,1,3,Life Sciences,384,3,Female,84,3,2,Manufacturing Director,2,Divorced,6397,26767,1,No,20,4,1,1,6,6,1,6,5,1,4,20,1.0,0.8333333333333334,0.6666666666666666,0.16666666666666666,2.0,8.763740720509464,3198.5,0
50,0,Travel_Rarely,797,Research & Development,4,1,Life Sciences,385,1,Male,96,3,5,Research Director,2,Divorced,19144,15815,3,No,14,3,1,2,28,4,2,10,4,1,6,22,0.35714285714285715,0.4,0.6,0.1,1.3333333333333333,9.859796863911395,3828.8,0
53,0,Travel_Rarely,1070,Research & Development,3,4,Medical,386,3,Male,45,3,4,Research Director,3,Married,17584,21016,3,Yes,16,3,4,3,21,5,2,5,3,1,3,32,0.23809523809523808,0.6,0.6,0.2,3.3333333333333335,9.774801544908083,4396.0,3
42,0,Travel_Rarely,635,Sales,1,1,Life Sciences,387,2,Male,99,3,2,Sales Executive,3,Married,4907,24532,1,No,25,4,3,0,20,3,3,20,16,11,6,22,1.0,0.8,0.3,0.55,2.6666666666666665,8.498621805830801,2453.5,0
29,0,Travel_Frequently,442,Sales,2,2,Life Sciences,388,2,Male,44,3,2,Sales Executive,4,Single,4554,20260,1,No,18,3,1,0,10,3,2,10,7,0,9,19,1.0,0.7,0.9,0.0,2.3333333333333335,8.423980809694058,2277.0,0
55,0,Travel_Rarely,147,Research & Development,20,2,Technical Degree,389,2,Male,37,3,2,Laboratory Technician,4,Married,5415,15972,3,Yes,19,3,4,1,12,4,3,10,7,0,8,43,0.8333333333333334,0.7,0.8,0.0,3.3333333333333335,8.59711281459211,2707.5,3
26,0,Travel_Frequently,496,Research & Development,11,2,Medical,390,1,Male,60,3,2,Healthcare Representative,1,Married,4741,22722,1,Yes,13,3,3,1,5,3,3,5,3,3,3,21,1.0,0.6,0.6,0.6,1.6666666666666667,8.464214266625351,2370.5,3
37,0,Travel_Rarely,1372,Research & Development,1,3,Life Sciences,391,4,Female,42,3,1,Research Scientist,4,Single,2115,15881,1,No,12,3,2,0,17,3,3,17,12,5,7,20,1.0,0.7058823529411765,0.4117647058823529,0.29411764705882354,3.3333333333333335,7.65728279297819,2115.0,0
44,1,Travel_Frequently,920,Research & Development,24,3,Life Sciences,392,4,Male,43,3,1,Laboratory Technician,3,Divorced,3161,19920,3,Yes,22,4,4,1,19,0,1,1,0,0,0,25,0.05263157894736842,0.0,0.0,0.0,3.6666666666666665,8.058960017769417,3161.0,3
38,0,Travel_Rarely,688,Research & Development,23,4,Life Sciences,393,4,Male,82,3,2,Healthcare Representative,4,Divorced,5745,18899,9,No,14,3,2,1,10,2,3,2,2,1,2,28,0.2,1.0,1.0,0.5,3.3333333333333335,8.656259239539235,2872.5,0
26,1,Travel_Rarely,1449,Research & Development,16,4,Medical,394,1,Male,45,3,1,Laboratory Technician,2,Divorced,2373,14180,2,Yes,13,3,4,1,5,2,3,3,2,0,2,21,0.6,0.6666666666666666,0.6666666666666666,0.0,2.3333333333333335,7.772331575169614,2373.0,3
28,0,Travel_Rarely,1117,Research & Development,8,2,Life Sciences,395,4,Female,66,3,1,Research Scientist,4,Single,3310,4488,1,No,21,4,4,0,5,3,3,5,3,0,2,23,1.0,0.6,0.4,0.0,4.0,8.105005537547246,3310.0,0
49,0,Travel_Frequently,636,Research & Development,10,4,Life Sciences,396,3,Female,35,3,5,Research Director,1,Single,18665,25594,9,Yes,11,3,4,0,22,4,3,3,2,1,2,27,0.13636363636363635,0.6666666666666666,0.6666666666666666,0.3333333333333333,2.6666666666666665,9.834458966125691,3733.0,3
36,0,Travel_Rarely,506,Research & Development,3,3,Technical Degree,397,3,Male,30,3,2,Research Scientist,2,Single,4485,26285,4,No,12,3,4,0,10,2,3,8,0,7,7,26,0.8,0.0,0.875,0.875,3.0,8.408716715080153,2242.5,0
31,0,Travel_Frequently,444,Sales,5,3,Marketing,399,4,Female,84,3,1,Sales Representative,2,Divorced,2789,3909,1,No,11,3,3,1,2,5,2,2,2,2,2,29,1.0,1.0,1.0,1.0,3.0,7.933796874815411,2789.0,0
26,1,Travel_Rarely,950,Sales,4,4,Marketing,401,4,Male,48,2,2,Sales Executive,4,Single,5828,8450,1,Yes,12,3,2,0,8,0,3,8,7,7,4,18,1.0,0.875,0.5,0.875,3.3333333333333335,8.67060073804555,2914.0,2
37,0,Travel_Frequently,889,Research & Development,9,3,Medical,403,2,Male,53,3,1,Research Scientist,4,Married,2326,11411,1,Yes,12,3,3,3,4,3,2,4,2,1,2,33,1.0,0.5,0.5,0.25,3.0,7.752335163302292,2326.0,3
42,0,Travel_Frequently,555,Sales,26,3,Marketing,404,3,Female,77,3,4,Sales Executive,2,Married,13525,14864,5,No,14,3,4,1,23,2,4,20,4,4,8,19,0.8695652173913043,0.2,0.4,0.2,3.0,9.512369038134885,3381.25,0
18,1,Travel_Rarely,230,Research & Development,3,3,Life Sciences,405,3,Male,54,3,1,Laboratory Technician,3,Single,1420,25233,1,No,13,3,3,0,0,2,3,0,0,0,0,18,0.0,0.0,0.0,0.0,3.0,7.259116128097101,1420.0,0
35,0,Travel_Rarely,1232,Sales,16,3,Marketing,406,3,Male,96,3,3,Sales Executive,2,Married,8020,5100,0,No,15,3,3,2,12,3,2,11,9,6,9,23,0.9166666666666666,0.8181818181818182,0.8181818181818182,0.5454545454545454,2.6666666666666665,8.989818381366925,2673.3333333333335,0
36,0,Travel_Frequently,566,Research & Development,18,4,Life Sciences,407,3,Male,81,4,1,Laboratory Technician,4,Married,3688,7122,4,No,18,3,4,2,4,2,3,1,0,0,0,32,0.25,0.0,0.0,0.0,3.6666666666666665,8.213110697596676,3688.0,0
51,0,Travel_Rarely,1302,Research & Development,2,3,Medical,408,4,Male,84,1,2,Manufacturing Director,2,Divorced,5482,16321,5,No,18,3,4,1,13,3,3,4,1,1,2,38,0.3076923076923077,0.25,0.5,0.25,3.3333333333333335,8.609407675404048,2741.0,0
41,0,Travel_Rarely,334,Sales,2,4,Life Sciences,410,4,Male,88,3,4,Manager,2,Single,16015,15896,1,No,19,3,2,0,22,2,3,22,10,0,4,19,1.0,0.45454545454545453,0.18181818181818182,0.0,2.6666666666666665,9.681343501555002,4003.75,0
18,0,Travel_Rarely,812,Sales,10,3,Medical,411,4,Female,69,2,1,Sales Representative,3,Single,1200,9724,1,No,12,3,1,0,0,2,3,0,0,0,0,18,0.0,0.0,0.0,0.0,2.6666666666666665,7.0909098220799835,1200.0,0
28,0,Travel_Rarely,1476,Research & Development,16,2,Medical,412,2,Male,68,4,2,Healthcare Representative,1,Single,5661,4824,0,No,19,3,3,0,9,2,3,8,3,0,7,19,0.8888888888888888,0.375,0.875,0.0,2.0,8.641532465671846,2830.5,0
31,0,Travel_Rarely,218,Sales,7,3,Technical Degree,416,2,Male,100,4,2,Sales Executive,4,Married,6929,12241,4,No,11,3,2,1,10,3,2,8,7,7,7,21,0.8,0.875,0.875,0.875,2.6666666666666665,8.84361509218395,3464.5,0
39,0,Travel_Rarely,1132,Research & Development,1,3,Medical,417,3,Male,48,4,3,Healthcare Representative,4,Divorced,9613,10942,0,No,17,3,1,3,19,5,2,18,10,3,7,20,0.9473684210526315,0.5555555555555556,0.3888888888888889,0.16666666666666666,2.6666666666666665,9.170975648453906,3204.3333333333335,0
36,0,Non-Travel,1105,Research & Development,24,4,Life Sciences,419,2,Female,47,3,2,Laboratory Technician,2,Married,5674,6927,7,No,15,3,3,1,11,3,3,9,8,0,8,25,0.8181818181818182,0.8888888888888888,0.8888888888888888,0.0,2.3333333333333335,8.643825842349603,2837.0,0
32,0,Travel_Rarely,906,Sales,7,3,Life Sciences,420,4,Male,91,2,2,Sales Executive,3,Married,5484,16985,1,No,14,3,3,1,13,3,2,13,8,4,8,19,1.0,0.6153846153846154,0.6153846153846154,0.3076923076923077,3.3333333333333335,8.609772372709331,2742.0,0
38,0,Travel_Rarely,849,Research & Development,25,2,Life Sciences,421,1,Female,81,2,3,Research Director,2,Married,12061,26707,3,No,17,3,3,1,19,2,3,10,8,0,1,19,0.5263157894736842,0.8,0.1,0.0,2.0,9.397815294010933,4020.3333333333335,0
58,0,Non-Travel,390,Research & Development,1,4,Life Sciences,422,4,Male,32,1,2,Healthcare Representative,3,Divorced,5660,17056,2,Yes,13,3,4,1,12,2,3,5,3,1,2,46,0.4166666666666667,0.6,0.4,0.2,3.6666666666666665,8.64135583403666,2830.0,1
31,0,Travel_Rarely,691,Research & Development,5,4,Technical Degree,423,3,Male,86,3,1,Research Scientist,4,Married,4821,10077,0,Yes,12,3,3,1,6,4,3,5,2,0,3,25,0.8333333333333334,0.4,0.6,0.0,3.3333333333333335,8.480944058741116,4821.0,3
31,0,Travel_Rarely,106,Human Resources,2,3,Human Resources,424,1,Male,62,2,2,Human Resources,1,Married,6410,17822,3,No,12,3,4,0,9,1,3,2,2,1,0,22,0.2222222222222222,1.0,0.0,0.5,2.0,8.765770543987257,3205.0,0
45,0,Travel_Frequently,1249,Research & Development,7,3,Life Sciences,425,1,Male,97,3,3,Laboratory Technician,1,Divorced,5210,20308,1,No,18,3,1,1,24,2,3,24,9,9,11,21,1.0,0.375,0.4583333333333333,0.375,1.0,8.558527054909215,1736.6666666666667,0
31,0,Travel_Rarely,192,Research & Development,2,4,Life Sciences,426,3,Male,32,3,1,Research Scientist,4,Divorced,2695,7747,0,Yes,18,3,2,1,3,2,1,2,2,2,2,28,0.6666666666666666,1.0,1.0,1.0,3.0,7.899524472032198,2695.0,3
33,0,Travel_Frequently,553,Research & Development,5,4,Life Sciences,428,4,Female,74,3,3,Manager,2,Married,11878,23364,6,No,11,3,2,2,12,2,3,10,6,8,8,21,0.8333333333333334,0.6,0.8,0.8,2.6666666666666665,9.38252741428954,3959.3333333333335,0
39,0,Travel_Rarely,117,Research & Development,10,1,Medical,429,3,Male,99,3,4,Manager,1,Married,17068,5355,1,Yes,14,3,4,0,21,3,3,21,9,11,10,18,1.0,0.42857142857142855,0.47619047619047616,0.5238095238095238,2.6666666666666665,9.745019231764333,4267.0,3
43,0,Travel_Frequently,185,Research & Development,10,4,Life Sciences,430,3,Female,33,3,1,Laboratory Technician,4,Single,2455,10675,0,No,19,3,1,0,9,5,3,8,7,1,7,34,0.8888888888888888,0.875,0.875,0.125,2.6666666666666665,7.806289289267033,2455.0,0
49,0,Travel_Rarely,1091,Research & Development,1,2,Technical Degree,431,3,Female,90,2,4,Healthcare Representative,3,Single,13964,17810,7,Yes,12,3,4,0,25,2,3,7,1,0,7,24,0.28,0.14285714285714285,1.0,0.0,3.3333333333333335,9.544309478379278,3491.0,2
52,1,Travel_Rarely,723,Research & Development,8,4,Medical,433,3,Male,85,2,2,Research Scientist,2,Married,4941,17747,2,No,15,3,1,0,11,3,2,8,2,7,7,41,0.7272727272727273,0.25,0.875,0.875,2.0,8.505525386548555,2470.5,0
27,0,Travel_Rarely,1220,Research & Development,5,3,Life Sciences,434,3,Female,85,3,1,Research Scientist,2,Single,2478,20938,1,Yes,12,3,2,0,4,2,2,4,3,1,2,23,1.0,0.75,0.5,0.25,2.3333333333333335,7.8156105320351905,2478.0,3
32,0,Travel_Rarely,588,Sales,8,2,Technical Degree,436,3,Female,65,2,2,Sales Executive,2,Married,5228,24624,1,Yes,11,3,4,0,13,2,3,13,12,11,9,19,1.0,0.9230769230769231,0.6923076923076923,0.8461538461538461,3.0,8.56197533418813,2614.0,2
27,0,Travel_Rarely,1377,Sales,2,3,Life Sciences,437,4,Male,74,3,2,Sales Executive,3,Single,4478,5242,1,Yes,11,3,1,0,5,3,3,5,4,0,4,22,1.0,0.8,0.8,0.0,2.6666666666666665,8.4071550862073,2239.0,3
31,0,Travel_Rarely,691,Sales,7,3,Marketing,438,4,Male,73,3,2,Sales Executive,4,Divorced,7547,7143,4,No,12,3,4,3,13,3,3,7,7,1,7,18,0.5384615384615384,1.0,1.0,0.14285714285714285,4.0,8.92903790648844,3773.5,0
32,0,Travel_Rarely,1018,Research & Development,2,4,Medical,439,1,Female,74,4,2,Research Scientist,4,Single,5055,10557,7,No,16,3,3,0,10,0,2,7,7,0,7,22,0.7,1.0,1.0,0.0,2.6666666666666665,8.528330935826693,2527.5,0
28,1,Travel_Rarely,1157,Research & Development,2,4,Medical,440,1,Male,84,1,1,Research Scientist,4,Married,3464,24737,5,Yes,13,3,4,0,5,4,2,3,2,2,2,23,0.6,0.6666666666666666,0.6666666666666666,0.6666666666666666,3.0,8.150467911624004,3464.0,1
30,0,Travel_Rarely,1275,Research & Development,28,2,Medical,441,4,Female,64,3,2,Research Scientist,4,Married,5775,11934,1,No,13,3,4,2,11,2,3,10,8,1,9,19,0.9090909090909091,0.8,0.9,0.1,4.0,8.661466680572662,2887.5,0
31,0,Travel_Frequently,798,Research & Development,7,2,Life Sciences,442,3,Female,48,2,3,Manufacturing Director,3,Married,8943,14034,1,No,24,4,1,1,10,2,3,10,9,8,9,21,1.0,0.9,0.9,0.8,2.3333333333333335,9.09873819539488,2981.0,0
39,0,Travel_Frequently,672,Research & Development,7,2,Medical,444,3,Male,54,2,5,Manager,4,Married,19272,21141,1,No,15,3,1,1,21,2,3,21,9,13,3,18,1.0,0.42857142857142855,0.14285714285714285,0.6190476190476191,2.6666666666666665,9.866460431699052,3854.4,0
39,1,Travel_Rarely,1162,Sales,3,2,Medical,445,4,Female,41,3,2,Sales Executive,3,Married,5238,17778,4,Yes,18,3,1,0,12,3,2,1,0,0,0,27,0.08333333333333333,0.0,0.0,0.0,2.6666666666666665,8.56388591940822,2619.0,3
33,0,Travel_Frequently,508,Sales,10,3,Marketing,446,2,Male,46,2,2,Sales Executive,4,Single,4682,4317,3,No,14,3,3,0,9,6,2,7,7,0,1,24,0.7777777777777778,1.0,0.14285714285714285,0.0,3.0,8.451694209183541,2341.0,0
47,0,Travel_Rarely,1482,Research & Development,5,5,Life Sciences,447,4,Male,42,3,5,Research Director,3,Married,18300,16375,4,No,11,3,2,1,21,2,3,3,2,1,1,26,0.14285714285714285,0.6666666666666666,0.3333333333333333,0.3333333333333333,3.0,9.814710982145282,3660.0,0
43,0,Travel_Frequently,559,Research & Development,10,4,Life Sciences,448,3,Female,82,2,2,Laboratory Technician,3,Divorced,5257,6227,1,No,11,3,2,1,9,3,4,9,7,0,0,34,1.0,0.7777777777777778,0.0,0.0,2.6666666666666665,8.567506005289827,2628.5,0
27,0,Non-Travel,210,Sales,1,1,Marketing,449,3,Male,73,3,2,Sales Executive,2,Married,6349,22107,0,Yes,13,3,4,1,6,0,3,5,4,1,4,21,0.8333333333333334,0.8,0.8,0.2,3.0,8.756210091886738,3174.5,3
54,0,Travel_Frequently,928,Research & Development,20,4,Life Sciences,450,4,Female,31,3,2,Research Scientist,3,Single,4869,16885,3,No,12,3,4,0,20,4,2,4,3,0,3,34,0.2,0.75,0.75,0.0,3.6666666666666665,8.490849216076635,2434.5,0
43,0,Travel_Rarely,1001,Research & Development,7,3,Life Sciences,451,3,Female,43,3,3,Healthcare Representative,1,Married,9985,9262,8,No,16,3,1,1,10,1,2,1,0,0,0,33,0.1,0.0,0.0,0.0,1.6666666666666667,9.208939391060555,3328.3333333333335,0
45,0,Travel_Rarely,549,Research & Development,8,4,Other,452,4,Male,75,3,2,Research Scientist,4,Married,3697,9278,9,No,14,3,1,2,12,3,3,10,9,9,8,33,0.8333333333333334,0.9,0.8,0.9,3.0,8.21554741194707,1848.5,0
40,0,Travel_Rarely,1124,Sales,1,2,Medical,453,2,Male,57,1,2,Sales Executive,4,Married,7457,13273,2,Yes,22,4,3,3,6,2,2,4,3,0,2,34,0.6666666666666666,0.75,0.5,0.0,3.0,8.917042560738766,3728.5,1
29,1,Travel_Rarely,318,Research & Development,8,4,Other,454,2,Male,77,1,1,Laboratory Technician,1,Married,2119,4759,1,Yes,11,3,4,0,7,4,2,7,7,0,7,22,1.0,1.0,1.0,0.0,2.3333333333333335,7.659171367666058,2119.0,1
29,0,Travel_Rarely,738,Research & Development,9,5,Other,455,2,Male,30,2,1,Laboratory Technician,4,Single,3983,7621,0,No,17,3,3,0,4,2,3,3,2,2,2,25,0.75,0.6666666666666666,0.6666666666666666,0.6666666666666666,3.0,8.290041618704489,3983.0,0
30,0,Travel_Rarely,570,Sales,5,3,Marketing,456,4,Female,30,2,2,Sales Executive,3,Divorced,6118,5431,1,No,13,3,3,3,10,2,3,10,9,1,2,20,1.0,0.9,0.2,0.1,3.3333333333333335,8.71915396346254,3059.0,0
27,0,Travel_Rarely,1130,Sales,8,4,Marketing,458,2,Female,56,3,2,Sales Executive,2,Married,6214,3415,1,No,18,3,1,1,8,3,3,8,7,0,7,19,1.0,0.875,0.875,0.0,1.6666666666666667,8.734721003944811,3107.0,0
37,0,Travel_Rarely,1192,Research & Development,5,2,Medical,460,4,Male,61,3,2,Manufacturing Director,4,Divorced,6347,23177,7,No,16,3,3,2,8,2,2,6,2,0,4,29,0.75,0.3333333333333333,0.6666666666666666,0.0,3.6666666666666665,8.7558950816463,3173.5,0
38,0,Travel_Rarely,343,Research & Development,15,2,Life Sciences,461,3,Male,92,2,3,Research Director,4,Divorced,11510,15682,0,Yes,14,3,2,1,12,3,3,11,10,2,9,26,0.9166666666666666,0.9090909090909091,0.8181818181818182,0.18181818181818182,3.0,9.351058378915061,3836.6666666666665,2
31,0,Travel_Rarely,1232,Research & Development,7,4,Medical,462,3,Female,39,3,3,Manufacturing Director,4,Single,7143,25713,1,Yes,14,3,3,0,11,2,2,11,9,4,10,20,1.0,0.8181818181818182,0.9090909090909091,0.36363636363636365,3.3333333333333335,8.874028122556336,2381.0,3
29,0,Travel_Rarely,144,Sales,10,1,Marketing,463,4,Female,39,2,2,Sales Executive,2,Divorced,8268,11866,1,Yes,14,3,1,2,7,2,3,7,7,1,7,22,1.0,1.0,1.0,0.14285714285714285,2.3333333333333335,9.020268861722167,4134.0,2
35,0,Travel_Rarely,1296,Research & Development,5,4,Technical Degree,464,3,Male,62,3,3,Manufacturing Director,2,Single,8095,18264,0,No,13,3,4,0,17,5,3,16,6,0,13,18,0.9411764705882353,0.375,0.8125,0.0,3.0,8.999125391527247,2698.3333333333335,0
23,0,Travel_Rarely,1309,Research & Development,26,1,Life Sciences,465,3,Male,83,3,1,Research Scientist,4,Divorced,2904,16092,1,No,12,3,3,2,4,2,2,4,2,0,2,19,1.0,0.5,0.5,0.0,3.3333333333333335,7.974188669286011,2904.0,0
41,0,Travel_Rarely,483,Research & Development,6,3,Medical,466,4,Male,95,2,2,Manufacturing Director,2,Single,6032,10110,6,Yes,15,3,4,0,8,3,3,5,4,1,2,33,0.625,0.8,0.4,0.2,3.3333333333333335,8.704999678440762,3016.0,2
47,0,Travel_Frequently,1309,Sales,4,1,Medical,467,2,Male,99,3,2,Sales Representative,3,Single,2976,25751,3,No,19,3,1,0,5,3,3,0,0,0,0,42,0.0,0.0,0.0,0.0,2.0,7.998671361015776,1488.0,0
42,0,Travel_Rarely,810,Research & Development,23,5,Life Sciences,468,1,Female,44,3,4,Research Director,4,Single,15992,15901,2,No,14,3,2,0,16,2,3,1,0,0,0,26,0.0625,0.0,0.0,0.0,2.3333333333333335,9.67990640549087,3998.0,0
29,0,Non-Travel,746,Sales,2,3,Life Sciences,469,4,Male,61,3,2,Sales Executive,3,Married,4649,16928,1,No,14,3,1,1,4,3,2,4,3,0,2,25,1.0,0.75,0.5,0.0,2.6666666666666665,8.444622498581403,2324.5,0
42,0,Travel_Rarely,544,Human Resources,2,1,Technical Degree,470,3,Male,52,3,1,Human Resources,3,Divorced,2696,24017,0,Yes,11,3,3,1,4,5,3,3,2,1,0,38,0.75,0.6666666666666666,0.0,0.3333333333333333,3.0,7.89989532313973,2696.0,3
32,0,Travel_Rarely,1062,Research & Development,2,3,Medical,471,3,Female,75,3,1,Laboratory Technician,2,Married,2370,3956,1,No,13,3,3,1,8,4,3,8,0,0,7,24,1.0,0.0,0.875,0.0,2.6666666666666665,7.771067086065406,2370.0,0
48,0,Travel_Rarely,530,Sales,29,1,Medical,473,1,Female,91,3,3,Manager,3,Married,12504,23978,3,No,21,4,2,1,15,3,1,0,0,0,0,33,0.0,0.0,0.0,0.0,2.0,9.433883843311719,4168.0,0
37,0,Travel_Rarely,1319,Research & Development,6,3,Medical,474,3,Male,51,4,2,Research Scientist,1,Divorced,5974,17001,4,Yes,13,3,1,2,13,2,3,7,7,6,7,24,0.5384615384615384,1.0,1.0,0.8571428571428571,1.6666666666666667,8.695339376799712,2987.0,4
30,0,Non-Travel,641,Sales,25,2,Technical Degree,475,4,Female,85,3,2,Sales Executive,3,Married,4736,6069,7,Yes,12,3,2,1,4,2,4,2,2,2,2,26,0.5,1.0,1.0,1.0,3.0,8.463159302923751,2368.0,3
26,0,Travel_Rarely,933,Sales,1,3,Life Sciences,476,3,Male,57,3,2,Sales Executive,3,Married,5296,20156,1,No,17,3,2,1,8,3,3,8,7,7,7,18,1.0,0.875,0.875,0.875,2.6666666666666665,8.574895901544526,2648.0,0
42,0,Travel_Rarely,1332,Research & Development,2,4,Other,477,1,Male,98,2,2,Healthcare Representative,4,Single,6781,17078,3,No,23,4,2,0,14,6,3,1,0,0,0,28,0.07142857142857142,0.0,0.0,0.0,2.3333333333333335,8.822027322685583,3390.5,0
21,1,Travel_Frequently,756,Sales,1,1,Technical Degree,478,1,Female,99,2,1,Sales Representative,2,Single,2174,9150,1,Yes,11,3,3,0,3,3,3,3,2,1,2,18,1.0,0.6666666666666666,0.6666666666666666,0.3333333333333333,2.0,7.684783943522785,2174.0,2
36,0,Non-Travel,845,Sales,1,5,Medical,479,4,Female,45,3,2,Sales Executive,4,Single,6653,15276,4,No,15,3,2,0,7,6,3,1,0,0,0,29,0.14285714285714285,0.0,0.0,0.0,3.3333333333333335,8.802973456578423,3326.5,0
36,0,Travel_Frequently,541,Sales,3,4,Medical,481,1,Male,48,2,3,Sales Executive,4,Married,9699,7246,4,No,11,3,1,1,16,2,3,13,9,1,12,20,0.8125,0.6923076923076923,0.9230769230769231,0.07692307692307693,2.0,9.179881164491475,3233.0,0
57,0,Travel_Rarely,593,Research & Development,1,4,Medical,482,4,Male,88,3,2,Healthcare Representative,3,Married,6755,2967,2,No,11,3,3,0,15,2,3,3,2,1,2,42,0.2,0.6666666666666666,0.6666666666666666,0.3333333333333333,3.3333333333333335,8.81818627792769,3377.5,0
40,0,Travel_Rarely,1171,Research & Development,10,4,Life Sciences,483,4,Female,46,4,1,Laboratory Technician,3,Married,2213,22495,3,Yes,13,3,3,1,10,3,3,7,7,1,7,30,0.7,1.0,1.0,0.14285714285714285,3.3333333333333335,7.7025561132685825,2213.0,4
21,0,Non-Travel,895,Sales,9,2,Medical,484,1,Male,39,3,1,Sales Representative,4,Single,2610,2851,1,No,24,4,3,0,3,3,2,3,2,2,2,18,1.0,0.6666666666666666,0.6666666666666666,0.6666666666666666,2.6666666666666665,7.8674885686991285,2610.0,0
33,1,Travel_Rarely,350,Sales,5,3,Marketing,485,4,Female,34,3,1,Sales Representative,3,Single,2851,9150,1,Yes,13,3,2,0,1,2,3,1,0,0,0,32,1.0,0.0,0.0,0.0,3.0,7.955775781534187,2851.0,3
37,0,Travel_Rarely,921,Research & Development,10,3,Medical,486,3,Female,98,3,1,Laboratory Technician,1,Married,3452,17663,6,No,20,4,2,1,17,3,3,5,4,0,3,20,0.29411764705882354,0.8,0.6,0.0,2.0,8.146998697389993,3452.0,0
46,0,Non-Travel,1144,Research & Development,7,4,Medical,487,3,Female,30,3,2,Manufacturing Director,3,Married,5258,16044,2,No,14,3,3,0,7,2,4,1,0,0,0,39,0.14285714285714285,0.0,0.0,0.0,3.0,8.567696173589344,2629.0,0
41,1,Travel_Frequently,143,Sales,4,3,Marketing,488,1,Male,56,3,2,Sales Executive,2,Single,9355,9558,1,No,18,3,3,0,8,5,3,8,7,7,7,33,1.0,0.875,0.875,0.875,2.0,9.143773127704069,4677.5,0
50,0,Travel_Rarely,1046,Research & Development,10,3,Technical Degree,491,4,Male,100,2,3,Healthcare Representative,4,Single,10496,2755,6,No,15,3,4,0,20,2,3,4,3,1,3,30,0.2,0.75,0.75,0.25,4.0,9.258844781035798,3498.6666666666665,0
40,1,Travel_Rarely,575,Sales,22,2,Marketing,492,3,Male,68,2,2,Sales Executive,3,Married,6380,6110,2,Yes,12,3,1,2,8,6,3,6,4,1,0,32,0.75,0.6666666666666666,0.0,0.16666666666666666,2.3333333333333335,8.761080103868347,3190.0,2
31,0,Travel_Rarely,408,Research & Development,9,4,Life Sciences,493,3,Male,42,2,1,Research Scientist,2,Single,2657,7551,0,Yes,16,3,4,0,3,5,3,2,2,2,2,28,0.6666666666666666,1.0,1.0,1.0,3.0,7.885329239273191,2657.0,2
21,1,Travel_Rarely,156,Sales,12,3,Life Sciences,494,3,Female,90,4,1,Sales Representative,2,Single,2716,25422,1,No,15,3,4,0,1,0,3,1,0,0,0,20,1.0,0.0,0.0,0.0,3.0,7.907283609426348,2716.0,0
29,0,Travel_Rarely,1283,Research & Development,23,3,Life Sciences,495,4,Male,54,3,1,Research Scientist,4,Single,2201,18168,9,No,16,3,4,0,6,4,3,3,2,1,2,23,0.5,0.6666666666666666,0.6666666666666666,0.3333333333333333,4.0,7.697121317282625,2201.0,0
35,0,Travel_Rarely,755,Research & Development,9,4,Life Sciences,496,3,Male,97,2,2,Healthcare Representative,2,Single,6540,19394,9,No,19,3,3,0,10,5,3,1,1,0,0,25,0.1,1.0,0.0,0.0,2.6666666666666665,8.785845337961213,3270.0,0
27,0,Travel_Rarely,1469,Research & Development,1,2,Medical,497,4,Male,82,3,1,Laboratory Technician,2,Divorced,3816,17881,1,No,11,3,2,1,5,2,3,5,2,0,4,22,1.0,0.4,0.8,0.0,2.6666666666666665,8.247220052745229,3816.0,0
28,0,Travel_Rarely,304,Sales,9,4,Life Sciences,498,2,Male,92,3,2,Sales Executive,4,Single,5253,20750,1,No,16,3,4,0,7,1,3,7,5,0,7,21,1.0,0.7142857142857143,1.0,0.0,3.3333333333333335,8.566744970245486,2626.5,0
49,0,Travel_Rarely,1261,Research & Development,7,3,Other,499,2,Male,31,2,3,Healthcare Representative,3,Single,10965,12066,8,No,24,4,3,0,26,2,3,5,2,0,0,23,0.19230769230769232,0.4,0.0,0.0,2.6666666666666665,9.302554855963994,3655.0,0
51,0,Travel_Rarely,1178,Sales,14,2,Life Sciences,500,3,Female,87,3,2,Sales Executive,4,Married,4936,14862,4,No,11,3,3,1,18,2,2,7,7,0,7,33,0.3888888888888889,1.0,1.0,0.0,3.3333333333333335,8.504513138258863,2468.0,0
36,0,Travel_Rarely,329,Research & Development,2,3,Life Sciences,501,4,Female,96,3,1,Research Scientist,3,Married,2543,11868,4,No,13,3,2,1,6,3,3,2,2,2,2,30,0.3333333333333333,1.0,1.0,1.0,3.0,7.841492924460013,2543.0,0
34,1,Non-Travel,1362,Sales,19,3,Marketing,502,1,Male,67,4,2,Sales Executive,4,Single,5304,4652,8,Yes,13,3,2,0,9,3,2,5,2,0,4,25,0.5555555555555556,0.4,0.8,0.0,2.3333333333333335,8.576405051048084,2652.0,4
55,0,Travel_Rarely,1311,Research & Development,2,3,Life Sciences,505,3,Female,97,3,4,Manager,4,Single,16659,23258,2,Yes,13,3,3,0,30,2,3,5,4,1,2,25,0.16666666666666666,0.8,0.4,0.2,3.3333333333333335,9.720765915720834,4164.75,3
24,0,Travel_Rarely,1371,Sales,10,4,Marketing,507,4,Female,77,3,2,Sales Executive,3,Divorced,4260,5915,1,Yes,12,3,4,1,5,2,4,5,2,0,3,19,1.0,0.4,0.6,0.0,3.6666666666666665,8.357259153499912,2130.0,3
30,0,Travel_Rarely,202,Sales,2,1,Technical Degree,508,3,Male,72,3,1,Sales Representative,2,Married,2476,17434,1,No,18,3,1,1,1,3,3,1,0,0,0,29,1.0,0.0,0.0,0.0,2.0,7.814803429489359,2476.0,0
26,1,Travel_Frequently,575,Research & Development,3,1,Technical Degree,510,3,Male,73,3,1,Research Scientist,1,Single,3102,6582,0,No,22,4,3,0,7,2,3,6,4,0,4,19,0.8571428571428571,0.6666666666666666,0.6666666666666666,0.0,2.3333333333333335,8.04012466444838,3102.0,0
22,0,Travel_Rarely,253,Research & Development,11,3,Medical,511,1,Female,43,3,1,Research Scientist,2,Married,2244,24440,1,No,13,3,4,1,2,1,3,2,1,1,2,20,1.0,0.5,1.0,0.5,2.3333333333333335,7.716460800176355,2244.0,0
36,0,Travel_Rarely,164,Sales,2,2,Medical,513,2,Male,61,2,3,Sales Executive,3,Married,7596,3809,1,No,13,3,2,2,10,2,3,10,9,9,0,26,1.0,0.9,0.0,0.9,2.3333333333333335,8.935508711503221,2532.0,0
30,1,Travel_Frequently,464,Research & Development,4,3,Technical Degree,514,3,Male,40,3,1,Research Scientist,4,Single,2285,3427,9,Yes,23,4,3,0,3,4,3,1,0,0,0,27,0.3333333333333333,0.0,0.0,0.0,3.3333333333333335,7.734558844354756,2285.0,3
37,0,Travel_Rarely,1107,Research & Development,14,3,Life Sciences,515,4,Female,95,3,1,Laboratory Technician,1,Divorced,3034,26914,1,No,12,3,3,1,18,2,2,18,7,12,17,19,1.0,0.3888888888888889,0.9444444444444444,0.6666666666666666,2.6666666666666665,8.017966703493599,3034.0,0
40,0,Travel_Rarely,759,Sales,2,2,Marketing,516,4,Female,46,3,2,Sales Executive,2,Divorced,5715,22553,7,No,12,3,3,2,8,5,3,5,4,1,3,32,0.625,0.8,0.6,0.2,3.0,8.651024539049757,2857.5,0
42,0,Travel_Rarely,201,Research & Development,1,4,Life Sciences,517,2,Female,95,3,1,Laboratory Technician,1,Divorced,2576,20490,3,No,16,3,2,1,8,5,3,5,2,1,2,34,0.625,0.4,0.4,0.2,1.6666666666666667,7.854381210652365,2576.0,0
37,0,Travel_Rarely,1305,Research & Development,10,4,Life Sciences,518,3,Male,49,3,2,Manufacturing Director,2,Single,4197,21123,2,Yes,12,3,4,0,18,2,2,1,0,0,1,19,0.05555555555555555,0.0,1.0,0.0,3.0,8.342363500380579,2098.5,3
43,0,Travel_Rarely,982,Research & Development,12,3,Life Sciences,520,1,Male,59,2,4,Research Director,2,Divorced,14336,4345,1,No,11,3,3,1,25,3,3,25,10,3,9,18,1.0,0.4,0.36,0.12,2.0,9.570598887246268,3584.0,0
40,0,Travel_Rarely,555,Research & Development,2,3,Medical,521,2,Female,78,2,2,Laboratory Technician,3,Married,3448,13436,6,No,22,4,2,1,20,3,3,1,0,0,0,20,0.05,0.0,0.0,0.0,2.3333333333333335,8.145839612936841,1724.0,0
54,0,Travel_Rarely,821,Research & Development,5,2,Medical,522,1,Male,86,3,5,Research Director,1,Married,19406,8509,4,No,11,3,3,1,24,4,2,4,2,1,2,30,0.16666666666666666,0.5,0.5,0.25,1.6666666666666667,9.873389104712095,3881.2,0
34,0,Non-Travel,1381,Sales,4,4,Marketing,523,3,Female,72,3,2,Sales Executive,3,Married,6538,12740,9,No,15,3,1,1,6,3,3,3,2,1,2,28,0.5,0.6666666666666666,0.6666666666666666,0.3333333333333333,2.3333333333333335,8.785539527561276,3269.0,0
31,0,Travel_Rarely,480,Research & Development,7,2,Medical,524,2,Female,31,3,2,Manufacturing Director,1,Married,4306,4156,1,No,12,3,2,1,13,5,1,13,10,3,12,18,1.0,0.7692307692307693,0.9230769230769231,0.23076923076923078,1.6666666666666667,8.36799688505411,2153.0,0
43,0,Travel_Frequently,313,Research & Development,21,3,Medical,525,4,Male,61,3,1,Laboratory Technician,4,Married,2258,15238,7,No,20,4,1,1,8,1,3,3,2,1,2,35,0.375,0.6666666666666666,0.6666666666666666,0.3333333333333333,3.0,7.7226775164680035,2258.0,0
43,0,Travel_Rarely,1473,Research & Development,8,4,Other,526,3,Female,74,3,2,Healthcare Representative,3,Divorced,4522,2227,4,Yes,14,3,4,0,8,3,3,5,2,0,2,35,0.625,0.4,0.4,0.0,3.3333333333333335,8.416930769477844,2261.0,3
25,0,Travel_Rarely,891,Sales,4,2,Life Sciences,527,2,Female,99,2,2,Sales Executive,4,Single,4487,12090,1,Yes,11,3,2,0,5,3,3,5,4,1,3,20,1.0,0.8,0.6,0.2,2.6666666666666665,8.409162447202533,2243.5,2
37,0,Non-Travel,1063,Research & Development,25,5,Medical,529,2,Female,72,3,2,Research Scientist,3,Married,4449,23866,3,Yes,15,3,1,2,15,2,3,13,11,10,7,22,0.8666666666666667,0.8461538461538461,0.5384615384615384,0.7692307692307693,2.0,8.400659375160286,2224.5,3
31,0,Travel_Rarely,329,Research & Development,1,2,Life Sciences,530,4,Male,98,2,1,Laboratory Technician,1,Married,2218,16193,1,No,12,3,3,1,4,3,3,4,2,3,2,27,1.0,0.5,0.5,0.75,2.6666666666666665,7.704811922932594,2218.0,0
39,0,Travel_Frequently,1218,Research & Development,1,1,Life Sciences,531,2,Male,52,3,5,Manager,3,Divorced,19197,8213,1,Yes,14,3,3,1,21,3,3,21,8,1,6,18,1.0,0.38095238095238093,0.2857142857142857,0.047619047619047616,2.6666666666666665,9.862561385923483,3839.4,3
56,0,Travel_Frequently,906,Sales,6,3,Life Sciences,532,3,Female,86,4,4,Sales Executive,1,Married,13212,18256,9,No,11,3,4,3,36,0,2,7,7,7,7,20,0.19444444444444445,1.0,1.0,1.0,2.6666666666666665,9.488956472414216,3303.0,0
30,0,Travel_Rarely,1082,Sales,12,3,Technical Degree,533,2,Female,83,3,2,Sales Executive,3,Single,6577,19558,0,No,11,3,2,0,6,6,3,5,4,4,4,24,0.8333333333333334,0.8,0.8,0.8,2.3333333333333335,8.791486026749002,3288.5,0
41,0,Travel_Rarely,645,Sales,1,3,Marketing,534,2,Male,49,4,3,Sales Executive,1,Married,8392,19566,1,No,16,3,3,1,10,2,3,10,7,0,7,31,1.0,0.7,0.7,0.0,2.0,9.035153304082828,2797.3333333333335,0
28,0,Travel_Rarely,1300,Research & Development,17,2,Medical,536,3,Male,79,3,2,Laboratory Technician,1,Divorced,4558,13535,1,No,12,3,4,1,10,2,3,10,0,1,8,18,1.0,0.0,0.8,0.1,2.6666666666666665,8.424858580213442,2279.0,0
25,1,Travel_Rarely,688,Research & Development,3,3,Medical,538,1,Male,91,3,1,Laboratory Technician,1,Married,4031,9396,5,No,13,3,3,1,6,5,3,2,2,0,2,19,0.3333333333333333,1.0,1.0,0.0,1.6666666666666667,8.302017809751204,4031.0,0
52,0,Travel_Rarely,319,Research & Development,3,3,Medical,543,4,Male,39,2,3,Manufacturing Director,3,Married,7969,19609,2,Yes,14,3,3,0,28,4,3,5,4,0,4,24,0.17857142857142858,0.8,0.8,0.0,3.3333333333333335,8.98343977178426,2656.3333333333335,2
45,0,Travel_Rarely,192,Research & Development,10,2,Life Sciences,544,1,Male,69,3,1,Research Scientist,4,Married,2654,9655,3,No,21,4,4,2,8,3,2,2,2,0,2,37,0.25,1.0,1.0,0.0,3.0,7.884199933676039,2654.0,0
52,0,Travel_Rarely,1490,Research & Development,4,2,Life Sciences,546,4,Female,30,3,4,Manager,4,Married,16555,10310,2,No,13,3,4,0,31,2,1,5,2,1,4,21,0.16129032258064516,0.4,0.8,0.2,4.0,9.714503852868623,4138.75,0
42,0,Travel_Frequently,532,Research & Development,29,2,Life Sciences,547,1,Female,92,3,2,Research Scientist,3,Divorced,4556,12932,2,No,11,3,2,1,19,3,3,5,4,0,2,23,0.2631578947368421,0.8,0.4,0.0,2.0,8.424419791263883,2278.0,0
30,0,Travel_Rarely,317,Research & Development,2,3,Life Sciences,548,3,Female,43,1,2,Manufacturing Director,4,Single,6091,24793,2,No,20,4,3,0,11,2,3,5,4,0,2,19,0.45454545454545453,0.8,0.4,0.0,3.3333333333333335,8.714731714015052,3045.5,0
60,0,Travel_Rarely,422,Research & Development,7,3,Life Sciences,549,1,Female,41,3,5,Manager,1,Married,19566,3854,5,No,11,3,4,0,33,5,1,29,8,11,10,27,0.8787878787878788,0.27586206896551724,0.3448275862068966,0.3793103448275862,2.0,9.881599752778099,3913.2,0
46,0,Travel_Rarely,1485,Research & Development,18,3,Medical,550,3,Female,87,3,2,Manufacturing Director,3,Divorced,4810,26314,2,No,14,3,3,1,19,5,2,10,7,0,8,27,0.5263157894736842,0.7,0.8,0.0,3.0,8.478660241699453,2405.0,0
42,0,Travel_Frequently,1368,Research & Development,28,4,Technical Degree,551,4,Female,88,2,2,Healthcare Representative,4,Married,4523,4386,0,No,11,3,4,3,7,4,4,6,5,0,4,35,0.8571428571428571,0.8333333333333334,0.6666666666666666,0.0,4.0,8.41715183723601,2261.5,0
24,1,Travel_Rarely,1448,Sales,1,1,Technical Degree,554,1,Female,62,3,1,Sales Representative,2,Single,3202,21972,1,Yes,16,3,2,0,6,4,3,5,3,1,4,18,0.8333333333333334,0.6,0.8,0.2,1.6666666666666667,8.071843149609158,3202.0,3
34,1,Travel_Frequently,296,Sales,6,2,Marketing,555,4,Female,33,1,1,Sales Representative,3,Divorced,2351,12253,0,No,16,3,4,1,3,3,2,2,2,1,0,31,0.6666666666666666,1.0,0.0,0.5,3.6666666666666665,7.763021309018518,2351.0,0
38,0,Travel_Frequently,1490,Research & Development,2,2,Life Sciences,556,4,Male,42,3,1,Laboratory Technician,4,Married,1702,12106,1,Yes,23,4,3,1,1,3,3,1,0,0,0,37,1.0,0.0,0.0,0.0,3.6666666666666665,7.440146680662688,1702.0,3
40,0,Travel_Rarely,1398,Sales,2,4,Life Sciences,558,3,Female,79,3,5,Manager,3,Married,18041,13022,0,No,14,3,4,0,21,2,3,20,15,1,12,19,0.9523809523809523,0.75,0.6,0.05,3.3333333333333335,9.800457652216584,3608.2,0
26,0,Travel_Rarely,1349,Research & Development,23,3,Life Sciences,560,1,Female,90,3,1,Research Scientist,4,Divorced,2886,3032,1,No,22,4,2,2,3,3,1,3,2,0,2,23,1.0,0.6666666666666666,0.6666666666666666,0.0,2.3333333333333335,7.967973179662935,2886.0,0
30,0,Non-Travel,1400,Research & Development,3,3,Life Sciences,562,3,Male,53,3,1,Laboratory Technician,4,Married,2097,16734,4,No,15,3,3,1,9,3,1,5,3,1,4,21,0.5555555555555556,0.6,0.8,0.2,3.3333333333333335,7.6487397889562425,2097.0,0
29,0,Travel_Rarely,986,Research & Development,3,4,Medical,564,2,Male,93,2,3,Research Director,3,Married,11935,21526,1,No,18,3,3,0,10,2,3,10,2,0,7,19,1.0,0.2,0.7,0.0,2.6666666666666665,9.387314322443542,3978.3333333333335,0
29,1,Travel_Rarely,408,Research & Development,25,5,Technical Degree,565,3,Female,71,2,1,Research Scientist,2,Married,2546,18300,5,No,16,3,2,0,6,2,4,2,2,1,1,23,0.3333333333333333,1.0,0.5,0.5,2.3333333333333335,7.842671474979457,2546.0,0
19,1,Travel_Rarely,489,Human Resources,2,2,Technical Degree,566,1,Male,52,2,1,Human Resources,4,Single,2564,18437,1,No,12,3,3,0,1,3,4,1,0,0,0,18,1.0,0.0,0.0,0.0,2.6666666666666665,7.84971375760487,2564.0,0
30,0,Non-Travel,1398,Sales,22,4,Other,567,3,Female,69,3,3,Sales Executive,1,Married,8412,2890,0,No,11,3,3,0,10,3,3,9,8,7,8,20,0.9,0.8888888888888888,0.8888888888888888,0.7777777777777778,2.3333333333333335,9.037533407550814,2804.0,0
57,0,Travel_Rarely,210,Sales,29,3,Marketing,568,1,Male,56,2,4,Manager,4,Divorced,14118,22102,3,No,12,3,3,1,32,3,2,1,0,0,0,25,0.03125,0.0,0.0,0.0,2.6666666666666665,9.555276687009526,3529.5,0
50,0,Travel_Rarely,1099,Research & Development,29,4,Life Sciences,569,2,Male,88,2,4,Manager,3,Married,17046,9314,0,No,15,3,2,1,28,2,3,27,10,15,7,22,0.9642857142857143,0.37037037037037035,0.25925925925925924,0.5555555555555556,2.3333333333333335,9.743729514150925,4261.5,0
30,0,Non-Travel,1116,Research & Development,2,3,Medical,571,3,Female,49,3,1,Laboratory Technician,4,Single,2564,7181,0,No,14,3,3,0,12,2,2,11,7,6,7,18,0.9166666666666666,0.6363636363636364,0.6363636363636364,0.5454545454545454,3.3333333333333335,7.84971375760487,2564.0,0
60,0,Travel_Frequently,1499,Sales,28,3,Marketing,573,3,Female,80,2,3,Sales Executive,1,Married,10266,2845,4,No,19,3,4,0,22,5,4,18,13,13,11,38,0.8181818181818182,0.7222222222222222,0.6111111111111112,0.7222222222222222,2.6666666666666665,9.236690147298965,3422.0,0
47,0,Travel_Rarely,983,Research & Development,2,2,Medical,574,1,Female,65,3,2,Manufacturing Director,4,Divorced,5070,7389,5,No,13,3,3,3,20,2,3,5,0,0,4,27,0.25,0.0,0.8,0.0,2.6666666666666665,8.531293315795018,2535.0,0
46,0,Travel_Rarely,1009,Research & Development,2,3,Life Sciences,575,1,Male,51,3,4,Research Director,3,Married,17861,2288,6,No,13,3,3,0,26,2,1,3,2,0,1,20,0.11538461538461539,0.6666666666666666,0.3333333333333333,0.0,2.3333333333333335,9.790430830243832,4465.25,0
35,0,Travel_Rarely,144,Research & Development,22,3,Life Sciences,577,4,Male,46,1,1,Laboratory Technician,3,Single,4230,19225,0,No,15,3,3,0,6,2,3,5,4,4,3,29,0.8333333333333334,0.8,0.6,0.8,3.3333333333333335,8.350193650720067,4230.0,0
54,0,Travel_Rarely,548,Research & Development,8,4,Life Sciences,578,3,Female,42,3,2,Laboratory Technician,3,Single,3780,23428,7,No,11,3,3,0,19,3,3,1,0,0,0,35,0.05263157894736842,0.0,0.0,0.0,3.0,8.237743803890933,1890.0,0
34,0,Travel_Rarely,1303,Research & Development,2,4,Life Sciences,579,4,Male,62,2,1,Research Scientist,3,Divorced,2768,8416,3,No,12,3,3,1,14,3,3,7,3,5,7,20,0.5,0.42857142857142855,1.0,0.7142857142857143,3.3333333333333335,7.926241523170962,2768.0,0
46,0,Travel_Rarely,1125,Sales,10,3,Marketing,580,3,Female,94,2,3,Sales Executive,4,Married,9071,11563,2,Yes,19,3,3,1,15,3,3,3,2,1,2,31,0.2,0.6666666666666666,0.6666666666666666,0.3333333333333333,3.3333333333333335,9.112948025967533,3023.6666666666665,2
31,0,Travel_Rarely,1274,Research & Development,9,1,Life Sciences,581,3,Male,33,3,3,Manufacturing Director,2,Divorced,10648,14394,1,No,25,4,4,1,13,6,4,13,8,0,8,18,1.0,0.6153846153846154,0.6153846153846154,0.0,3.0,9.273221270015384,3549.3333333333335,0
33,1,Travel_Rarely,1277,Research & Development,15,1,Medical,582,2,Male,56,3,3,Manager,3,Married,13610,24619,7,Yes,12,3,4,0,15,2,4,7,6,7,7,18,0.4666666666666667,0.8571428571428571,1.0,1.0,3.0,9.518633568332074,4536.666666666667,3
33,1,Travel_Rarely,587,Research & Development,10,1,Medical,584,1,Male,38,1,1,Laboratory Technician,4,Divorced,3408,6705,7,No,13,3,1,3,8,2,3,4,3,1,3,25,0.5,0.75,0.75,0.25,2.0,8.134174272137903,3408.0,0
30,0,Travel_Rarely,413,Sales,7,1,Marketing,585,4,Male,57,3,1,Sales Representative,2,Single,2983,18398,0,No,14,3,1,0,4,3,3,3,2,1,2,26,0.75,0.6666666666666666,0.6666666666666666,0.3333333333333333,2.3333333333333335,8.001019961323651,2983.0,0
35,0,Travel_Rarely,1276,Research & Development,16,3,Life Sciences,586,4,Male,72,3,3,Healthcare Representative,3,Married,7632,14295,4,Yes,12,3,3,0,10,2,3,8,7,0,0,25,0.8,0.875,0.0,0.0,3.3333333333333335,8.94023623179847,2544.0,3
31,1,Travel_Frequently,534,Research & Development,20,3,Life Sciences,587,1,Male,66,3,3,Healthcare Representative,3,Married,9824,22908,3,No,12,3,1,0,12,2,3,1,0,0,0,19,0.08333333333333333,0.0,0.0,0.0,1.6666666666666667,9.192685436737461,3274.6666666666665,0
34,1,Travel_Frequently,988,Human Resources,23,3,Human Resources,590,2,Female,43,3,3,Human Resources,1,Divorced,9950,11533,9,Yes,15,3,3,3,11,2,3,3,2,0,2,23,0.2727272727272727,0.6666666666666666,0.6666666666666666,0.0,2.0,9.205428327615163,3316.6666666666665,3
42,0,Travel_Frequently,1474,Research & Development,5,2,Other,591,2,Male,97,3,1,Laboratory Technician,3,Married,2093,9260,4,No,17,3,4,1,8,4,3,2,2,2,0,34,0.25,1.0,0.0,1.0,3.0,7.646831391430482,2093.0,0
36,0,Non-Travel,635,Sales,10,4,Medical,592,2,Male,32,3,3,Sales Executive,4,Single,9980,15318,1,No,14,3,4,0,10,3,2,10,3,9,7,26,1.0,0.3,0.7,0.9,3.3333333333333335,9.208438564686587,3326.6666666666665,0
22,1,Travel_Frequently,1368,Research & Development,4,1,Technical Degree,593,3,Male,99,2,1,Laboratory Technician,3,Single,3894,9129,5,No,16,3,3,0,4,3,3,2,2,1,2,18,0.5,1.0,1.0,0.5,3.0,8.267448958304849,3894.0,0
48,0,Travel_Rarely,163,Sales,2,5,Marketing,595,2,Female,37,3,2,Sales Executive,4,Married,4051,19658,2,No,14,3,1,1,14,2,3,9,7,6,7,34,0.6428571428571429,0.7777777777777778,0.7777777777777778,0.6666666666666666,2.3333333333333335,8.306965865368573,2025.5,0
55,0,Travel_Rarely,1117,Sales,18,5,Life Sciences,597,1,Female,83,3,4,Manager,2,Single,16835,9873,3,No,23,4,4,0,37,2,3,10,9,7,7,18,0.2702702702702703,0.9,0.7,0.7,2.3333333333333335,9.731274729890462,4208.75,0
41,0,Non-Travel,267,Sales,10,2,Life Sciences,599,4,Male,56,3,2,Sales Executive,4,Single,6230,13430,7,No,14,3,4,0,16,3,3,14,3,1,10,25,0.875,0.21428571428571427,0.7142857142857143,0.07142857142857142,4.0,8.737292112544221,3115.0,0
35,0,Travel_Rarely,619,Sales,1,3,Marketing,600,2,Male,85,3,2,Sales Executive,3,Married,4717,18659,9,No,11,3,3,0,15,2,3,11,9,6,9,20,0.7333333333333333,0.8181818181818182,0.8181818181818182,0.5454545454545454,2.6666666666666665,8.45914025996762,2358.5,0
40,0,Travel_Rarely,302,Research & Development,6,3,Life Sciences,601,2,Female,75,3,4,Manufacturing Director,3,Single,13237,20364,7,No,15,3,3,0,22,3,3,20,6,5,13,18,0.9090909090909091,0.3,0.65,0.25,2.6666666666666665,9.490846760678869,3309.25,0
39,0,Travel_Frequently,443,Research & Development,8,1,Life Sciences,602,3,Female,48,3,1,Laboratory Technician,3,Married,3755,17872,1,No,11,3,1,1,8,3,3,8,3,0,7,31,1.0,0.375,0.875,0.0,2.3333333333333335,8.231109840328154,3755.0,0
31,0,Travel_Rarely,828,Sales,2,1,Life Sciences,604,2,Male,77,3,2,Sales Executive,4,Single,6582,8346,4,Yes,13,3,3,0,10,2,4,6,5,0,5,21,0.6,0.8333333333333334,0.8333333333333334,0.0,3.0,8.792245847467877,3291.0,3
42,0,Travel_Rarely,319,Research & Development,24,3,Medical,605,4,Male,56,3,3,Manufacturing Director,1,Married,7406,6950,1,Yes,21,4,4,1,10,5,2,10,9,5,8,32,1.0,0.9,0.8,0.5,3.0,8.91018077801329,2468.6666666666665,3
45,0,Travel_Rarely,561,Sales,2,3,Other,606,4,Male,61,3,2,Sales Executive,2,Married,4805,16177,0,No,19,3,2,1,9,3,4,8,7,3,7,36,0.8888888888888888,0.875,0.875,0.375,2.6666666666666665,8.477620416296414,2402.5,0
26,1,Travel_Frequently,426,Human Resources,17,4,Life Sciences,608,2,Female,58,3,1,Human Resources,3,Divorced,2741,22808,0,Yes,11,3,2,1,8,2,2,7,7,1,0,18,0.875,1.0,0.0,0.14285714285714285,2.3333333333333335,7.91644286012226,2741.0,3
29,0,Travel_Rarely,232,Research & Development,19,3,Technical Degree,611,4,Male,34,3,2,Manufacturing Director,4,Divorced,4262,22645,4,No,12,3,2,2,8,2,4,3,2,1,2,21,0.375,0.6666666666666666,0.6666666666666666,0.3333333333333333,3.3333333333333335,8.35772841676521,2131.0,0
33,0,Travel_Rarely,922,Research & Development,1,5,Medical,612,1,Female,95,4,4,Research Director,3,Divorced,16184,22578,4,No,19,3,3,1,10,2,3,6,1,0,5,23,0.6,0.16666666666666666,0.8333333333333334,0.0,2.3333333333333335,9.691840166360345,4046.0,0
31,0,Travel_Rarely,688,Sales,7,3,Life Sciences,613,3,Male,44,2,3,Manager,4,Divorced,11557,25291,9,No,21,4,3,1,10,3,2,5,4,0,1,21,0.5,0.8,0.2,0.0,3.3333333333333335,9.355133116877724,3852.3333333333335,0
18,1,Travel_Frequently,1306,Sales,5,3,Marketing,614,2,Male,69,3,1,Sales Representative,2,Single,1878,8059,1,Yes,14,3,4,0,0,3,3,0,0,0,0,18,0.0,0.0,0.0,0.0,2.6666666666666665,7.538494999413465,1878.0,3
40,0,Non-Travel,1094,Sales,28,3,Other,615,3,Male,58,1,3,Sales Executive,1,Divorced,10932,11373,3,No,15,3,3,1,20,2,3,1,0,0,1,20,0.05,0.0,1.0,0.0,2.3333333333333335,9.299541017434485,3644.0,0
41,0,Non-Travel,509,Research & Development,2,4,Other,616,1,Female,62,2,2,Healthcare Representative,3,Single,6811,2112,2,Yes,17,3,1,0,10,3,3,8,7,0,7,31,0.8,0.875,0.875,0.0,1.6666666666666667,8.826441041782578,3405.5,2
26,0,Travel_Rarely,775,Sales,29,2,Medical,618,1,Male,45,3,2,Sales Executive,3,Divorced,4306,4267,5,No,12,3,1,2,8,5,3,0,0,0,0,18,0.0,0.0,0.0,0.0,1.6666666666666667,8.36799688505411,2153.0,0
35,0,Travel_Rarely,195,Sales,1,3,Medical,620,1,Female,80,3,2,Sales Executive,3,Single,4859,6698,1,No,16,3,4,0,5,3,3,5,4,0,3,30,1.0,0.8,0.6,0.0,2.6666666666666665,8.48879371689454,2429.5,0
34,0,Travel_Rarely,258,Sales,21,4,Life Sciences,621,4,Male,74,4,2,Sales Executive,4,Single,5337,19921,1,No,12,3,4,0,10,3,3,10,7,5,7,24,1.0,0.7,0.7,0.5,4.0,8.58260632996447,2668.5,0
26,1,Travel_Rarely,471,Research & Development,24,3,Technical Degree,622,3,Male,66,1,1,Laboratory Technician,4,Single,2340,23213,1,Yes,18,3,2,0,1,3,1,1,0,0,0,25,1.0,0.0,0.0,0.0,3.0,7.75833346749091,2340.0,1
37,0,Travel_Rarely,799,Research & Development,1,3,Technical Degree,623,2,Female,59,3,3,Manufacturing Director,4,Single,7491,23848,4,No,17,3,4,0,12,3,4,6,5,1,2,25,0.5,0.8333333333333334,0.3333333333333333,0.16666666666666666,3.3333333333333335,8.921591063563978,2497.0,0
46,0,Travel_Frequently,1034,Research & Development,18,1,Medical,624,1,Female,86,3,3,Healthcare Representative,3,Married,10527,8984,5,No,11,3,4,0,28,3,2,2,2,1,2,18,0.07142857142857142,1.0,1.0,0.5,2.6666666666666665,9.261793653565098,3509.0,0
41,0,Travel_Rarely,1276,Sales,2,5,Life Sciences,625,2,Female,91,3,4,Manager,1,Married,16595,5626,7,No,16,3,2,1,22,2,3,18,16,11,8,19,0.8181818181818182,0.8888888888888888,0.4444444444444444,0.6111111111111112,1.6666666666666667,9.716916981452759,4148.75,0
37,0,Non-Travel,142,Sales,9,4,Medical,626,1,Male,69,3,3,Sales Executive,2,Divorced,8834,24666,1,No,13,3,4,1,9,6,3,9,5,7,7,28,1.0,0.5555555555555556,0.7777777777777778,0.7777777777777778,2.3333333333333335,9.086476384753796,2944.6666666666665,0
52,0,Travel_Rarely,956,Research & Development,6,2,Technical Degree,630,4,Male,78,3,2,Research Scientist,1,Divorced,5577,22087,3,Yes,12,3,2,2,18,3,3,10,9,6,9,34,0.5555555555555556,0.9,0.9,0.6,2.3333333333333335,8.626585568187433,2788.5,3
32,1,Non-Travel,1474,Sales,11,4,Other,631,4,Male,60,4,2,Sales Executive,3,Married,4707,23914,8,No,12,3,4,0,6,2,3,4,2,1,2,26,0.6666666666666666,0.5,0.5,0.25,3.6666666666666665,8.457018468380168,2353.5,0
24,0,Travel_Frequently,535,Sales,24,3,Medical,632,4,Male,38,3,1,Sales Representative,4,Married,2400,5530,0,No,13,3,3,2,3,3,3,2,2,2,1,21,0.6666666666666666,1.0,0.5,1.0,3.6666666666666665,7.783640596221253,2400.0,0
38,0,Travel_Rarely,1495,Research & Development,10,3,Medical,634,3,Female,76,3,2,Healthcare Representative,3,Married,9824,22174,3,No,19,3,3,1,18,4,3,1,0,0,0,20,0.05555555555555555,0.0,0.0,0.0,3.0,9.192685436737461,4912.0,0
37,0,Travel_Rarely,446,Research & Development,1,4,Life Sciences,635,2,Female,65,3,2,Manufacturing Director,2,Married,6447,15701,6,No,12,3,2,1,8,2,2,6,5,4,3,29,0.75,0.8333333333333334,0.5,0.6666666666666666,2.0,8.771525284186465,3223.5,0
49,0,Travel_Rarely,1245,Research & Development,18,4,Life Sciences,638,4,Male,58,2,5,Research Director,3,Divorced,19502,2125,1,Yes,17,3,3,1,31,5,3,31,9,0,9,18,1.0,0.2903225806451613,0.2903225806451613,0.0,3.3333333333333335,9.878323578872578,3900.4,2
24,0,Travel_Rarely,691,Research & Development,23,3,Medical,639,2,Male,89,4,1,Research Scientist,4,Married,2725,21630,1,Yes,11,3,2,2,6,3,3,6,5,1,4,18,1.0,0.8333333333333334,0.6666666666666666,0.16666666666666666,2.6666666666666665,7.9105906122564775,2725.0,4
26,0,Travel_Rarely,703,Sales,28,2,Marketing,641,1,Male,66,3,2,Sales Executive,2,Married,6272,7428,1,No,20,4,4,2,6,5,4,5,3,1,4,20,0.8333333333333334,0.6,0.8,0.2,2.3333333333333335,8.744009988096744,3136.0,0
24,0,Travel_Rarely,823,Research & Development,17,2,Other,643,4,Male,94,2,1,Laboratory Technician,2,Married,2127,9100,1,No,21,4,4,1,1,2,3,1,0,0,0,23,1.0,0.0,0.0,0.0,3.3333333333333335,7.662937850461535,2127.0,0
50,0,Travel_Frequently,1246,Human Resources,3,3,Medical,644,1,Male,99,3,5,Manager,2,Married,18200,7999,1,No,11,3,3,1,32,2,3,32,5,10,7,18,1.0,0.15625,0.21875,0.3125,2.0,9.809231816610408,3640.0,0
25,0,Travel_Rarely,622,Sales,13,1,Medical,645,2,Male,40,3,1,Sales Representative,3,Married,2096,26376,1,No,11,3,3,0,7,1,3,7,4,0,6,18,1.0,0.5714285714285714,0.8571428571428571,0.0,2.6666666666666665,7.64826303090192,2096.0,0
24,1,Travel_Frequently,1287,Research & Development,7,3,Life Sciences,647,1,Female,55,3,1,Laboratory Technician,3,Married,2886,14168,1,Yes,16,3,4,1,6,4,3,6,3,1,2,18,1.0,0.5,0.3333333333333333,0.16666666666666666,2.6666666666666665,7.967973179662935,2886.0,3
30,1,Travel_Frequently,448,Sales,12,4,Life Sciences,648,2,Male,74,2,1,Sales Representative,1,Married,2033,14470,1,No,18,3,3,1,1,2,4,1,0,0,0,29,1.0,0.0,0.0,0.0,2.0,7.617759576608505,2033.0,0
34,0,Travel_Rarely,254,Research & Development,1,2,Life Sciences,649,2,Male,83,2,1,Research Scientist,4,Married,3622,22794,1,Yes,13,3,4,1,6,3,3,6,5,1,3,28,1.0,0.8333333333333334,0.5,0.16666666666666666,3.3333333333333335,8.195057690895077,3622.0,2
31,1,Travel_Rarely,1365,Sales,13,4,Medical,650,2,Male,46,3,2,Sales Executive,1,Divorced,4233,11512,2,No,17,3,3,0,9,2,1,3,1,1,2,22,0.3333333333333333,0.3333333333333333,0.6666666666666666,0.3333333333333333,2.0,8.350902451694811,2116.5,0
35,0,Travel_Rarely,538,Research & Development,25,2,Other,652,1,Male,54,2,2,Laboratory Technician,4,Single,3681,14004,4,No,14,3,4,0,9,3,3,3,2,0,2,26,0.3333333333333333,0.6666666666666666,0.6666666666666666,0.0,3.0,8.211211361793023,1840.5,0
31,0,Travel_Rarely,525,Sales,6,4,Medical,653,1,Male,66,4,2,Sales Executive,4,Divorced,5460,6219,4,No,22,4,4,2,13,4,4,7,7,5,7,18,0.5384615384615384,1.0,1.0,0.7142857142857143,3.0,8.605387202152153,2730.0,0
27,0,Travel_Rarely,798,Research & Development,6,4,Medical,655,1,Female,66,2,1,Research Scientist,3,Divorced,2187,5013,0,No,12,3,3,2,6,5,2,5,3,0,3,21,0.8333333333333334,0.6,0.6,0.0,2.3333333333333335,7.690743163541872,2187.0,0
37,0,Travel_Rarely,558,Sales,2,3,Marketing,656,4,Male,75,3,2,Sales Executive,3,Married,9602,3010,4,Yes,11,3,3,1,17,3,2,3,0,1,0,20,0.17647058823529413,0.0,0.0,0.3333333333333333,3.3333333333333335,9.169830828637973,4801.0,3
20,0,Travel_Rarely,959,Research & Development,1,3,Life Sciences,657,4,Female,83,2,1,Research Scientist,2,Single,2836,11757,1,No,13,3,4,0,1,0,4,1,0,0,0,19,1.0,0.0,0.0,0.0,3.3333333333333335,7.950502434808851,2836.0,0
42,0,Travel_Rarely,622,Research & Development,2,4,Life Sciences,659,3,Female,81,3,2,Healthcare Representative,4,Married,4089,5718,1,No,13,3,2,2,10,4,3,10,2,2,2,32,1.0,0.2,0.2,0.2,3.0,8.316300249036848,2044.5,0
43,0,Travel_Rarely,782,Research & Development,6,4,Other,661,2,Male,50,2,4,Research Director,4,Divorced,16627,2671,4,Yes,14,3,3,1,21,3,2,1,0,0,0,22,0.047619047619047616,0.0,0.0,0.0,3.0,9.718843300372528,4156.75,2
38,0,Travel_Rarely,362,Research & Development,1,1,Life Sciences,662,3,Female,43,3,1,Research Scientist,1,Single,2619,14561,3,No,17,3,4,0,8,3,2,0,0,0,0,30,0.0,0.0,0.0,0.0,2.6666666666666665,7.8709295967551425,2619.0,0
43,0,Travel_Frequently,1001,Research & Development,9,5,Medical,663,4,Male,72,3,2,Laboratory Technician,3,Divorced,5679,19627,3,Yes,13,3,2,1,10,3,3,8,7,4,7,33,0.8,0.875,0.875,0.5,3.0,8.644706511715198,2839.5,3
48,0,Travel_Rarely,1236,Research & Development,1,4,Life Sciences,664,4,Female,40,2,4,Manager,1,Married,15402,17997,7,No,11,3,1,1,21,3,1,3,2,0,2,27,0.14285714285714285,0.6666666666666666,0.6666666666666666,0.0,2.0,9.642317574624458,3850.5,0
44,0,Travel_Rarely,1112,Human Resources,1,4,Life Sciences,665,1,Female,50,2,2,Human Resources,3,Single,5985,26894,4,No,11,3,2,0,10,1,4,2,2,0,2,34,0.2,1.0,1.0,0.0,2.0,8.697178688412643,2992.5,0
34,0,Travel_Rarely,204,Sales,14,3,Technical Degree,666,3,Female,31,3,1,Sales Representative,3,Divorced,2579,2912,1,Yes,18,3,4,2,8,3,3,8,2,0,6,26,1.0,0.25,0.75,0.0,3.3333333333333335,7.855544677915663,2579.0,3
27,1,Travel_Rarely,1420,Sales,2,1,Marketing,667,3,Male,85,3,1,Sales Representative,1,Divorced,3041,16346,0,No,11,3,2,1,5,3,3,4,3,0,2,22,0.8,0.75,0.5,0.0,2.0,8.020270472819238,3041.0,0
21,0,Travel_Rarely,1343,Sales,22,1,Technical Degree,669,3,Male,49,3,1,Sales Representative,3,Single,3447,24444,1,No,11,3,3,0,3,2,3,3,2,1,2,18,1.0,0.6666666666666666,0.6666666666666666,0.3333333333333333,3.0,8.145549631783584,3447.0,0
44,0,Travel_Rarely,1315,Research & Development,3,4,Other,671,4,Male,35,3,5,Manager,4,Married,19513,9358,4,Yes,12,3,1,1,26,2,4,2,2,0,1,18,0.07692307692307693,1.0,0.5,0.0,3.0,9.878887435667895,3902.6,3
22,0,Travel_Rarely,604,Research & Development,6,1,Medical,675,1,Male,69,3,1,Research Scientist,3,Married,2773,12145,0,No,20,4,4,0,3,3,3,2,2,2,2,19,0.6666666666666666,1.0,1.0,1.0,2.6666666666666665,7.928045600874777,2773.0,0
33,0,Travel_Rarely,1216,Sales,8,4,Marketing,677,3,Male,39,3,2,Sales Executive,3,Divorced,7104,20431,0,No,12,3,4,0,6,3,3,5,0,1,2,27,0.8333333333333334,0.0,0.4,0.2,3.3333333333333335,8.868554040531201,3552.0,0
32,0,Travel_Rarely,646,Research & Development,9,4,Life Sciences,679,1,Female,92,3,2,Research Scientist,4,Married,6322,18089,1,Yes,12,3,4,1,6,2,2,6,4,0,5,26,1.0,0.6666666666666666,0.8333333333333334,0.0,3.0,8.751949058058614,3161.0,3
30,0,Travel_Frequently,160,Research & Development,3,3,Medical,680,3,Female,71,3,1,Research Scientist,3,Divorced,2083,22653,1,No,20,4,3,1,1,2,3,1,0,0,0,29,1.0,0.0,0.0,0.0,3.0,7.642044402873258,2083.0,0
53,0,Travel_Rarely,238,Sales,1,1,Medical,682,4,Female,34,3,2,Sales Executive,1,Single,8381,7507,7,No,20,4,4,0,18,2,4,14,7,8,10,35,0.7777777777777778,0.5,0.7142857142857143,0.5714285714285714,3.0,9.033841828485016,4190.5,0
34,0,Travel_Rarely,1397,Research & Development,1,5,Life Sciences,683,2,Male,42,3,1,Research Scientist,4,Married,2691,7660,1,No,12,3,4,1,10,4,2,10,9,8,8,24,1.0,0.9,0.8,0.8,3.3333333333333335,7.898039690764619,2691.0,0
45,1,Travel_Frequently,306,Sales,26,4,Life Sciences,684,1,Female,100,3,2,Sales Executive,1,Married,4286,5630,2,No,14,3,4,2,5,4,3,1,1,0,0,40,0.2,1.0,0.0,0.0,2.0,8.363342466597977,2143.0,0
26,0,Travel_Rarely,991,Research & Development,6,3,Life Sciences,686,3,Female,71,3,1,Laboratory Technician,4,Married,2659,17759,1,Yes,13,3,3,1,3,2,3,3,2,0,2,23,1.0,0.6666666666666666,0.6666666666666666,0.0,3.3333333333333335,7.886081401775745,2659.0,3
37,0,Travel_Rarely,482,Research & Development,3,3,Other,689,3,Male,36,3,3,Manufacturing Director,3,Married,9434,9606,1,No,15,3,3,1,10,2,3,10,7,7,8,27,1.0,0.7,0.8,0.7,3.0,9.152181457802651,3144.6666666666665,0
29,0,Travel_Rarely,1176,Sales,3,2,Medical,690,2,Female,62,3,2,Sales Executive,3,Married,5561,3487,1,No,14,3,1,1,6,5,2,6,0,1,2,23,1.0,0.0,0.3333333333333333,0.16666666666666666,2.0,8.62371303479391,2780.5,0
35,0,Travel_Rarely,1017,Research & Development,6,4,Life Sciences,691,2,Male,82,1,2,Research Scientist,4,Single,6646,19368,1,No,13,3,2,0,17,3,3,17,11,11,8,18,1.0,0.6470588235294118,0.47058823529411764,0.6470588235294118,2.6666666666666665,8.801920904041582,3323.0,0
33,0,Travel_Frequently,1296,Research & Development,6,3,Life Sciences,692,3,Male,30,3,2,Healthcare Representative,4,Divorced,7725,5335,3,No,23,4,3,1,15,2,1,13,11,4,7,18,0.8666666666666667,0.8461538461538461,0.5384615384615384,0.3076923076923077,3.3333333333333335,8.952346543226227,3862.5,0
54,0,Travel_Rarely,397,Human Resources,19,4,Medical,698,3,Male,88,3,3,Human Resources,2,Married,10725,6729,2,No,15,3,3,1,16,1,4,9,7,7,1,38,0.5625,0.7777777777777778,0.1111111111111111,0.7777777777777778,2.6666666666666665,9.280425979542871,3575.0,0
36,0,Travel_Rarely,913,Research & Development,9,2,Medical,699,2,Male,48,2,2,Manufacturing Director,2,Divorced,8847,13934,2,Yes,11,3,3,1,13,2,3,3,2,0,2,23,0.23076923076923078,0.6666666666666666,0.6666666666666666,0.0,2.3333333333333335,9.087946723762116,4423.5,2
27,0,Travel_Rarely,1115,Research & Development,3,4,Medical,700,1,Male,54,2,1,Research Scientist,4,Single,2045,15174,0,No,13,3,4,0,5,0,3,4,2,1,1,22,0.8,0.5,0.25,0.25,3.0,7.6236419465115715,2045.0,0
20,1,Travel_Rarely,1362,Research & Development,10,1,Medical,701,4,Male,32,3,1,Research Scientist,3,Single,1009,26999,1,Yes,11,3,4,0,1,5,3,1,0,1,1,19,1.0,0.0,1.0,1.0,3.6666666666666665,6.917705609835305,1009.0,3
33,1,Travel_Frequently,1076,Research & Development,3,3,Life Sciences,702,1,Male,70,3,1,Research Scientist,1,Single,3348,3164,1,Yes,11,3,1,0,10,3,3,10,8,9,7,23,1.0,0.8,0.7,0.9,1.0,8.116417072794205,3348.0,3
35,0,Non-Travel,727,Research & Development,3,3,Life Sciences,704,3,Male,41,2,1,Laboratory Technician,3,Married,1281,16900,1,No,18,3,3,2,1,3,3,1,0,0,0,34,1.0,0.0,0.0,0.0,3.0,7.156176637480615,1281.0,0
23,0,Travel_Rarely,885,Research & Development,4,3,Medical,705,1,Male,58,4,1,Research Scientist,1,Married,2819,8544,2,No,16,3,1,1,5,3,4,3,2,0,2,18,0.6,0.6666666666666666,0.6666666666666666,0.0,1.0,7.944492163932159,2819.0,0
25,0,Travel_Rarely,810,Sales,8,3,Life Sciences,707,4,Male,57,4,2,Sales Executive,2,Married,4851,15678,0,No,22,4,3,1,4,4,3,3,2,1,2,21,0.75,0.6666666666666666,0.6666666666666666,0.3333333333333333,3.0,8.48714627006394,2425.5,0
38,0,Travel_Rarely,243,Sales,7,4,Marketing,709,4,Female,46,2,2,Sales Executive,4,Single,4028,7791,0,No,20,4,1,0,8,2,3,7,7,0,5,30,0.875,1.0,0.7142857142857143,0.0,3.0,8.301273485191347,2014.0,0
29,0,Travel_Frequently,806,Research & Development,1,4,Life Sciences,710,2,Male,76,1,1,Research Scientist,4,Divorced,2720,18959,1,No,18,3,4,1,10,5,3,10,7,2,8,19,1.0,0.7,0.8,0.2,3.3333333333333335,7.908754738783246,2720.0,0
48,0,Travel_Rarely,817,Sales,2,1,Marketing,712,2,Male,56,4,2,Sales Executive,2,Married,8120,18597,3,No,12,3,4,0,12,3,3,2,2,2,2,36,0.16666666666666666,1.0,1.0,1.0,2.6666666666666665,9.002208578282412,4060.0,0
27,0,Travel_Frequently,1410,Sales,3,1,Medical,714,4,Female,71,4,2,Sales Executive,4,Divorced,4647,16673,1,Yes,20,4,2,2,6,3,3,6,5,0,4,21,1.0,0.8333333333333334,0.6666666666666666,0.0,3.3333333333333335,8.444192298531748,2323.5,4
37,0,Travel_Rarely,1225,Research & Development,10,2,Life Sciences,715,4,Male,80,4,1,Research Scientist,4,Single,4680,15232,3,No,17,3,1,0,4,2,3,1,0,0,0,33,0.25,0.0,0.0,0.0,3.0,8.45126704130007,4680.0,0
50,0,Travel_Rarely,1207,Research & Development,28,1,Medical,716,4,Male,74,4,1,Laboratory Technician,3,Married,3221,3297,1,Yes,11,3,3,3,20,3,3,20,8,3,8,30,1.0,0.4,0.4,0.15,3.3333333333333335,8.07775756373692,3221.0,4
34,0,Travel_Rarely,1442,Research & Development,9,3,Medical,717,4,Female,46,2,3,Healthcare Representative,2,Single,8621,17654,1,No,14,3,2,0,9,3,4,8,7,7,7,25,0.8888888888888888,0.875,0.875,0.875,2.6666666666666665,9.06207235530708,2873.6666666666665,0
24,1,Travel_Rarely,693,Sales,3,2,Life Sciences,720,1,Female,65,3,2,Sales Executive,3,Single,4577,24785,9,No,14,3,1,0,4,3,3,2,2,2,0,20,0.5,1.0,0.0,1.0,1.6666666666666667,8.429017500512511,2288.5,0
39,0,Travel_Rarely,408,Research & Development,2,4,Technical Degree,721,4,Female,80,2,2,Healthcare Representative,3,Single,4553,20978,1,No,11,3,1,0,20,4,3,20,7,11,10,19,1.0,0.35,0.5,0.55,2.6666666666666665,8.423761246623686,2276.5,0
32,0,Travel_Rarely,929,Sales,10,3,Marketing,722,4,Male,55,3,2,Sales Executive,4,Single,5396,21703,1,No,12,3,4,0,10,2,2,10,7,0,8,22,1.0,0.7,0.8,0.0,4.0,8.593598522618644,2698.0,0
50,1,Travel_Frequently,562,Sales,8,2,Technical Degree,723,2,Male,50,3,2,Sales Executive,3,Married,6796,23452,3,Yes,14,3,1,1,18,4,3,4,3,1,3,32,0.2222222222222222,0.75,0.75,0.25,2.0,8.824236617346639,3398.0,3
38,0,Travel_Rarely,827,Research & Development,1,4,Life Sciences,724,2,Female,33,4,2,Healthcare Representative,4,Single,7625,19383,0,No,13,3,3,0,10,4,2,9,7,1,8,28,0.9,0.7777777777777778,0.8888888888888888,0.1111111111111111,3.0,8.939318740417509,3812.5,0
27,0,Travel_Rarely,608,Research & Development,1,2,Life Sciences,725,3,Female,68,3,3,Manufacturing Director,1,Married,7412,6009,1,No,11,3,4,0,9,3,3,9,7,0,7,18,1.0,0.7777777777777778,0.7777777777777778,0.0,2.6666666666666665,8.910990494656719,2470.6666666666665,0
32,0,Travel_Rarely,1018,Research & Development,3,2,Life Sciences,727,3,Female,39,3,3,Research Director,4,Single,11159,19373,3,No,15,3,4,0,10,6,3,7,7,7,7,22,0.7,1.0,1.0,1.0,3.6666666666666665,9.320091235935301,3719.6666666666665,0
47,0,Travel_Rarely,703,Sales,14,4,Marketing,728,4,Male,42,3,2,Sales Executive,1,Single,4960,11825,2,No,12,3,4,0,20,2,3,7,7,1,7,27,0.35,1.0,1.0,0.14285714285714285,3.0,8.509362612301048,2480.0,0
40,0,Travel_Frequently,580,Sales,5,4,Life Sciences,729,4,Male,48,2,3,Sales Executive,1,Married,10475,23772,5,Yes,21,4,3,1,20,2,3,18,13,1,12,20,0.9,0.7222222222222222,0.6666666666666666,0.05555555555555555,2.6666666666666665,9.256842205627603,3491.6666666666665,2
53,0,Travel_Rarely,970,Research & Development,7,3,Life Sciences,730,3,Male,59,4,4,Research Director,3,Married,14814,13514,3,No,19,3,3,0,32,3,3,5,1,1,3,21,0.15625,0.2,0.6,0.2,3.0,9.603395460007665,3703.5,0
41,0,Travel_Rarely,427,Human Resources,10,4,Human Resources,731,2,Male,73,2,5,Manager,4,Divorced,19141,8861,3,No,15,3,2,3,23,2,2,21,6,12,6,18,0.9130434782608695,0.2857142857142857,0.2857142857142857,0.5714285714285714,2.6666666666666665,9.859640152755851,3828.2,0
60,0,Travel_Rarely,1179,Sales,16,4,Marketing,732,1,Male,84,3,2,Sales Executive,1,Single,5405,11924,8,No,14,3,4,0,10,1,3,2,2,2,2,50,0.2,1.0,1.0,1.0,2.0,8.595264726836392,2702.5,0
27,0,Travel_Frequently,294,Research & Development,10,2,Life Sciences,733,4,Male,32,3,3,Manufacturing Director,1,Divorced,8793,4809,1,No,21,4,3,2,9,4,2,9,7,1,7,18,1.0,0.7777777777777778,0.7777777777777778,0.1111111111111111,2.6666666666666665,9.081824949740755,2931.0,0
41,0,Travel_Rarely,314,Human Resources,1,3,Human Resources,734,4,Male,59,2,5,Manager,3,Married,19189,19562,1,No,12,3,2,1,22,3,3,22,7,2,10,19,1.0,0.3181818181818182,0.45454545454545453,0.09090909090909091,3.0,9.862144589001746,3837.8,0
50,0,Travel_Rarely,316,Sales,8,4,Marketing,738,4,Male,54,3,1,Sales Representative,2,Married,3875,9983,7,No,15,3,4,1,4,2,3,2,2,2,2,46,0.5,1.0,1.0,1.0,3.3333333333333335,8.262558973010657,3875.0,0
28,1,Travel_Rarely,654,Research & Development,1,2,Life Sciences,741,1,Female,67,1,1,Research Scientist,2,Single,2216,3872,7,Yes,13,3,4,0,10,4,3,7,7,3,7,18,0.7,1.0,1.0,0.42857142857142855,2.3333333333333335,7.7039102096163115,2216.0,1
36,0,Non-Travel,427,Research & Development,8,3,Life Sciences,742,1,Female,63,4,3,Research Director,1,Married,11713,20335,9,No,14,3,1,1,10,2,3,8,7,0,5,26,0.8,0.875,0.625,0.0,1.0,9.368539986649727,3904.3333333333335,0
38,0,Travel_Rarely,168,Research & Development,1,3,Life Sciences,743,3,Female,81,3,3,Manufacturing Director,3,Single,7861,15397,4,Yes,14,3,4,0,10,4,4,1,0,0,0,28,0.1,0.0,0.0,0.0,3.3333333333333335,8.969796305981806,2620.3333333333335,3
44,0,Non-Travel,381,Research & Development,24,3,Medical,744,1,Male,49,1,1,Laboratory Technician,3,Single,3708,2104,2,No,14,3,3,0,9,5,3,5,2,1,4,35,0.5555555555555556,0.4,0.8,0.2,2.3333333333333335,8.21851757748959,3708.0,0
47,0,Travel_Frequently,217,Sales,3,3,Medical,746,4,Female,49,3,4,Sales Executive,3,Divorced,13770,10225,9,Yes,12,3,4,2,28,2,2,22,2,11,13,19,0.7857142857142857,0.09090909090909091,0.5909090909090909,0.5,3.6666666666666665,9.530320210727126,3442.5,3
30,0,Travel_Rarely,501,Sales,27,5,Marketing,747,3,Male,99,3,2,Sales Executive,4,Divorced,5304,25275,7,No,23,4,4,1,10,2,2,8,7,7,7,20,0.8,0.875,0.875,0.875,3.6666666666666665,8.576405051048084,2652.0,0
29,0,Travel_Rarely,1396,Sales,10,3,Life Sciences,749,3,Male,99,3,1,Sales Representative,3,Single,2642,2755,1,No,11,3,3,0,1,6,3,1,0,0,0,28,1.0,0.0,0.0,0.0,3.0,7.879669914604289,2642.0,0
42,1,Travel_Frequently,933,Research & Development,19,3,Medical,752,3,Male,57,4,1,Research Scientist,3,Divorced,2759,20366,6,Yes,12,3,4,0,7,2,3,2,2,2,2,35,0.2857142857142857,1.0,1.0,1.0,3.3333333333333335,7.9229859587111955,2759.0,4
43,0,Travel_Frequently,775,Sales,15,3,Life Sciences,754,4,Male,47,2,2,Sales Executive,4,Married,6804,23683,3,No,18,3,3,1,7,5,3,2,2,2,2,36,0.2857142857142857,1.0,1.0,1.0,3.6666666666666665,8.825412915085566,3402.0,0
34,0,Travel_Rarely,970,Research & Development,8,2,Medical,757,2,Female,96,3,2,Healthcare Representative,3,Single,6142,7360,3,No,11,3,4,0,10,2,3,5,1,4,3,24,0.5,0.2,0.6,0.8,3.0,8.723068501163928,3071.0,0
23,0,Travel_Rarely,650,Research & Development,9,1,Medical,758,2,Male,37,3,1,Laboratory Technician,1,Married,2500,4344,1,No,14,3,4,1,5,2,4,4,3,0,2,18,0.8,0.75,0.5,0.0,2.3333333333333335,7.824445930877619,2500.0,0
39,0,Travel_Rarely,141,Human Resources,3,3,Human Resources,760,3,Female,44,4,2,Human Resources,2,Married,6389,18767,9,No,15,3,3,1,12,3,1,8,3,3,6,27,0.6666666666666666,0.375,0.75,0.375,2.6666666666666665,8.762489547371581,3194.5,0
56,0,Travel_Rarely,832,Research & Development,9,3,Medical,762,3,Male,81,3,4,Healthcare Representative,4,Married,11103,20420,7,No,11,3,3,0,30,1,2,10,7,1,1,26,0.3333333333333333,0.7,0.1,0.1,3.3333333333333335,9.315060682746585,2775.75,0
40,0,Travel_Rarely,804,Research & Development,2,1,Medical,763,4,Female,86,2,1,Research Scientist,4,Single,2342,22929,0,Yes,20,4,4,0,5,2,2,4,2,2,3,35,0.8,0.5,0.75,0.5,4.0,7.759187438507795,2342.0,2
27,0,Travel_Rarely,975,Research & Development,7,3,Medical,764,4,Female,55,2,2,Healthcare Representative,1,Single,6811,23398,8,No,19,3,1,0,9,2,1,7,6,0,7,18,0.7777777777777778,0.8571428571428571,1.0,0.0,2.0,8.826441041782578,3405.5,0
29,0,Travel_Rarely,1090,Sales,10,3,Marketing,766,4,Male,83,3,1,Sales Representative,2,Divorced,2297,17967,1,No,14,3,4,2,2,2,3,2,2,2,2,27,1.0,1.0,1.0,1.0,3.3333333333333335,7.739794458408701,2297.0,0
53,0,Travel_Rarely,346,Research & Development,6,3,Life Sciences,769,4,Male,86,3,2,Laboratory Technician,4,Single,2450,10919,2,No,17,3,4,0,19,4,3,2,2,2,2,34,0.10526315789473684,1.0,1.0,1.0,4.0,7.804251383528112,1225.0,0
35,0,Non-Travel,1225,Research & Development,2,4,Life Sciences,771,4,Female,61,3,2,Healthcare Representative,1,Divorced,5093,4761,2,No,11,3,1,1,16,2,4,1,0,0,0,19,0.0625,0.0,0.0,0.0,2.0,8.535818655539403,2546.5,0
32,0,Travel_Frequently,430,Research & Development,24,4,Life Sciences,772,1,Male,80,3,2,Laboratory Technician,4,Married,5309,21146,1,No,15,3,4,2,10,2,3,10,8,4,7,22,1.0,0.8,0.7,0.4,3.0,8.577347114235984,2654.5,0
38,0,Travel_Rarely,268,Research & Development,2,5,Medical,773,4,Male,92,3,1,Research Scientist,3,Married,3057,20471,6,Yes,13,3,2,1,6,0,1,1,0,0,1,32,0.16666666666666666,0.0,1.0,0.0,3.0,8.025516386489008,3057.0,3
34,0,Travel_Rarely,167,Research & Development,8,5,Life Sciences,775,2,Female,32,3,2,Manufacturing Director,1,Divorced,5121,4187,3,No,14,3,3,1,7,3,3,0,0,0,0,27,0.0,0.0,0.0,0.0,2.0,8.541300266759471,2560.5,0
52,0,Travel_Rarely,621,Sales,3,4,Marketing,776,3,Male,31,2,4,Manager,1,Married,16856,10084,1,No,11,3,1,0,34,3,4,34,6,1,16,18,1.0,0.17647058823529413,0.47058823529411764,0.029411764705882353,1.6666666666666667,9.732521279780308,4214.0,0
33,1,Travel_Rarely,527,Research & Development,1,4,Other,780,4,Male,63,3,1,Research Scientist,4,Single,2686,5207,1,Yes,13,3,3,0,10,2,2,10,9,7,8,23,1.0,0.9,0.8,0.7,3.6666666666666665,7.8961806086154915,2686.0,3
25,0,Travel_Rarely,883,Sales,26,1,Medical,781,3,Female,32,3,2,Sales Executive,4,Single,6180,22807,1,No,23,4,2,0,6,5,2,6,5,1,4,19,1.0,0.8333333333333334,0.6666666666666666,0.16666666666666666,3.0,8.729235349659273,3090.0,0
45,0,Travel_Rarely,954,Sales,2,2,Technical Degree,783,2,Male,46,1,2,Sales Representative,3,Single,6632,12388,0,No,13,3,1,0,9,3,3,8,7,3,1,36,0.8888888888888888,0.875,0.125,0.375,2.0,8.799812469525556,3316.0,0
23,0,Travel_Rarely,310,Research & Development,10,1,Medical,784,1,Male,79,4,1,Research Scientist,3,Single,3505,19630,1,No,18,3,4,0,2,3,3,2,2,0,2,21,1.0,1.0,1.0,0.0,2.6666666666666665,8.16223106548118,3505.0,0
47,1,Travel_Frequently,719,Sales,27,2,Life Sciences,785,2,Female,77,4,2,Sales Executive,3,Single,6397,10339,4,Yes,12,3,4,0,8,2,3,5,4,1,3,39,0.625,0.8,0.6,0.2,3.0,8.763740720509464,3198.5,4
34,0,Travel_Rarely,304,Sales,2,3,Other,786,4,Male,60,3,2,Sales Executive,4,Single,6274,18686,1,No,22,4,3,0,6,5,3,6,5,1,4,28,1.0,0.8333333333333334,0.6666666666666666,0.16666666666666666,3.6666666666666665,8.744328763999984,3137.0,0
55,1,Travel_Rarely,725,Research & Development,2,3,Medical,787,4,Male,78,3,5,Manager,1,Married,19859,21199,5,Yes,13,3,4,1,24,2,3,5,2,1,4,31,0.20833333333333334,0.4,0.8,0.2,3.0,9.896462937599164,3971.8,3
36,0,Non-Travel,1434,Sales,8,4,Life Sciences,789,1,Male,76,2,3,Sales Executive,1,Single,7587,14229,1,No,15,3,2,0,10,1,3,10,7,0,9,26,1.0,0.7,0.9,0.0,1.3333333333333333,8.934323331054905,2529.0,0
52,0,Non-Travel,715,Research & Development,19,4,Medical,791,4,Male,41,3,1,Research Scientist,4,Married,4258,26589,0,No,18,3,1,1,5,3,3,4,3,1,2,47,0.8,0.75,0.5,0.25,3.0,8.356789669923213,4258.0,0
26,0,Travel_Frequently,575,Research & Development,1,2,Life Sciences,792,1,Female,71,1,1,Laboratory Technician,4,Divorced,4364,5288,3,No,14,3,1,1,5,2,3,2,2,2,0,21,0.4,1.0,0.0,1.0,2.0,8.381373468273702,4364.0,0
29,0,Travel_Rarely,657,Research & Development,27,3,Medical,793,2,Female,66,3,2,Healthcare Representative,3,Married,4335,25549,4,No,12,3,1,1,11,3,2,8,7,1,1,18,0.7272727272727273,0.875,0.125,0.125,2.0,8.374707543119483,2167.5,0
26,1,Travel_Rarely,1146,Sales,8,3,Technical Degree,796,4,Male,38,2,2,Sales Executive,1,Single,5326,3064,6,No,17,3,3,0,6,2,2,4,3,1,2,20,0.6666666666666666,0.75,0.5,0.25,2.6666666666666665,8.580543506917,2663.0,0
34,0,Travel_Rarely,182,Research & Development,1,4,Life Sciences,797,2,Female,72,4,1,Research Scientist,4,Single,3280,13551,2,No,16,3,3,0,10,2,3,4,2,1,3,24,0.4,0.5,0.75,0.25,3.0,8.0959035329611,3280.0,0
54,0,Travel_Rarely,376,Research & Development,19,4,Medical,799,4,Female,95,3,2,Manufacturing Director,1,Divorced,5485,22670,9,Yes,11,3,2,2,9,4,3,5,3,1,4,45,0.5555555555555556,0.6,0.8,0.2,2.3333333333333335,8.60995467149755,2742.5,3
27,0,Travel_Frequently,829,Sales,8,1,Marketing,800,3,Male,84,3,2,Sales Executive,4,Married,4342,24008,0,No,19,3,2,1,5,3,3,4,2,1,1,22,0.8,0.5,0.25,0.25,3.0,8.376320632534823,2171.0,0
37,0,Travel_Rarely,571,Research & Development,10,1,Life Sciences,802,4,Female,82,3,1,Research Scientist,1,Divorced,2782,19905,0,Yes,13,3,2,2,6,3,2,5,3,4,3,31,0.8333333333333334,0.6,0.6,0.8,2.3333333333333335,7.931284761525891,2782.0,3
38,0,Travel_Frequently,240,Research & Development,2,4,Life Sciences,803,1,Female,75,4,2,Manufacturing Director,1,Single,5980,26085,6,Yes,12,3,4,0,17,2,3,15,7,4,12,21,0.8823529411764706,0.4666666666666667,0.8,0.26666666666666666,2.0,8.696343057044556,2990.0,4
34,0,Travel_Rarely,121,Research & Development,2,4,Medical,804,3,Female,86,2,1,Research Scientist,1,Single,4381,7530,1,No,11,3,3,0,6,3,3,6,5,1,3,28,1.0,0.8333333333333334,0.5,0.16666666666666666,2.3333333333333335,8.385260520155413,4381.0,0
35,0,Travel_Rarely,384,Sales,8,4,Life Sciences,805,1,Female,72,3,1,Sales Representative,4,Married,2572,20317,1,No,16,3,2,1,3,1,2,3,2,0,2,32,1.0,0.6666666666666666,0.6666666666666666,0.0,2.3333333333333335,7.8528278122817445,2572.0,0
30,0,Travel_Rarely,921,Research & Development,1,3,Life Sciences,806,4,Male,38,1,1,Laboratory Technician,3,Married,3833,24375,3,No,21,4,3,2,7,2,3,2,2,0,2,23,0.2857142857142857,1.0,1.0,0.0,3.3333333333333335,8.251663923605589,3833.0,0
40,0,Travel_Frequently,791,Research & Development,2,2,Medical,807,3,Female,38,4,2,Healthcare Representative,2,Married,4244,9931,1,No,24,4,4,1,8,2,3,8,7,3,7,32,1.0,0.875,0.875,0.375,3.0,8.353497098745448,2122.0,0
34,0,Travel_Rarely,1111,Sales,8,2,Life Sciences,808,3,Female,93,3,2,Sales Executive,1,Married,6500,13305,5,No,17,3,2,1,6,1,3,3,2,1,2,28,0.5,0.6666666666666666,0.6666666666666666,0.3333333333333333,2.0,8.77971129020447,3250.0,0
42,0,Travel_Frequently,570,Research & Development,8,3,Life Sciences,809,2,Male,66,3,5,Manager,4,Divorced,18430,16225,1,No,13,3,2,1,24,4,2,24,7,14,9,18,1.0,0.2916666666666667,0.375,0.5833333333333334,2.6666666666666665,9.821789308551622,3686.0,0
23,1,Travel_Rarely,1243,Research & Development,6,3,Life Sciences,811,3,Male,63,4,1,Laboratory Technician,1,Married,1601,3445,1,Yes,21,4,3,2,1,2,3,0,0,0,0,22,0.0,0.0,0.0,0.0,2.3333333333333335,7.379008127628304,1601.0,4
24,0,Non-Travel,1092,Research & Development,9,3,Life Sciences,812,3,Male,60,2,1,Laboratory Technician,2,Divorced,2694,26551,1,No,11,3,3,3,1,4,3,1,0,0,0,23,1.0,0.0,0.0,0.0,2.6666666666666665,7.899153483343097,2694.0,0
52,0,Travel_Rarely,1325,Research & Development,11,4,Life Sciences,813,4,Female,82,3,2,Laboratory Technician,3,Married,3149,21821,8,No,20,4,2,1,9,3,3,5,2,1,4,43,0.5555555555555556,0.4,0.8,0.2,3.0,8.055157731819678,1574.5,0
50,0,Travel_Rarely,691,Research & Development,2,3,Medical,815,3,Male,64,3,4,Research Director,3,Married,17639,6881,5,No,16,3,4,0,30,3,3,4,3,0,3,20,0.13333333333333333,0.75,0.75,0.0,3.3333333333333335,9.777924329560783,4409.75,0
29,1,Travel_Rarely,805,Research & Development,1,2,Life Sciences,816,2,Female,36,2,1,Laboratory Technician,1,Married,2319,6689,1,Yes,11,3,4,1,1,1,3,1,0,0,0,28,1.0,0.0,0.0,0.0,2.3333333333333335,7.749322464660356,2319.0,2
33,0,Travel_Rarely,213,Research & Development,7,3,Medical,817,3,Male,49,3,3,Research Director,3,Married,11691,25995,0,No,11,3,4,0,14,3,4,13,9,3,7,19,0.9285714285714286,0.6923076923076923,0.5384615384615384,0.23076923076923078,3.3333333333333335,9.366660126231137,3897.0,0
33,1,Travel_Rarely,118,Sales,16,3,Marketing,819,1,Female,69,3,2,Sales Executive,1,Single,5324,26507,5,No,15,3,3,0,6,3,3,3,2,0,2,27,0.5,0.6666666666666666,0.6666666666666666,0.0,1.6666666666666667,8.580167990577626,2662.0,0
47,0,Travel_Rarely,202,Research & Development,2,2,Other,820,3,Female,33,3,4,Manager,4,Married,16752,12982,1,Yes,11,3,3,1,26,3,2,26,14,3,0,21,1.0,0.5384615384615384,0.0,0.11538461538461539,3.3333333333333335,9.726332625693532,4188.0,3
36,0,Travel_Rarely,676,Research & Development,1,3,Other,823,3,Female,35,3,2,Manufacturing Director,2,Married,5228,23361,0,No,15,3,1,1,10,2,3,9,7,0,5,26,0.9,0.7777777777777778,0.5555555555555556,0.0,2.0,8.56197533418813,2614.0,0
29,0,Travel_Rarely,1252,Research & Development,23,2,Life Sciences,824,3,Male,81,4,1,Research Scientist,3,Married,2700,23779,1,No,24,4,3,1,10,3,3,10,7,0,7,19,1.0,0.7,0.7,0.0,3.0,7.901377353792616,2700.0,0
58,1,Travel_Rarely,286,Research & Development,2,4,Life Sciences,825,4,Male,31,3,5,Research Director,2,Single,19246,25761,7,Yes,12,3,4,0,40,2,3,31,15,13,8,18,0.775,0.4838709677419355,0.25806451612903225,0.41935483870967744,3.3333333333333335,9.865110483415124,3849.2,3
35,0,Travel_Rarely,1258,Research & Development,1,4,Life Sciences,826,4,Female,40,4,1,Research Scientist,3,Single,2506,13301,3,No,13,3,3,0,7,0,3,2,2,2,2,28,0.2857142857142857,1.0,1.0,1.0,3.3333333333333335,7.826842098158293,2506.0,0
42,0,Travel_Rarely,932,Research & Development,1,2,Life Sciences,827,4,Female,43,2,2,Manufacturing Director,4,Married,6062,4051,9,Yes,13,3,4,1,8,4,3,4,3,0,2,34,0.5,0.75,0.5,0.0,4.0,8.70996000607173,3031.0,2
28,1,Travel_Rarely,890,Research & Development,2,4,Medical,828,3,Male,46,3,1,Research Scientist,3,Single,4382,16374,6,No,17,3,4,0,5,3,2,2,2,2,1,23,0.4,1.0,0.5,1.0,3.3333333333333335,8.38548870041881,4382.0,0
36,0,Travel_Rarely,1041,Human Resources,13,3,Human Resources,829,3,Male,36,3,1,Human Resources,2,Married,2143,25527,4,No,13,3,2,1,8,2,3,5,2,0,4,28,0.625,0.4,0.8,0.0,2.3333333333333335,7.670428522190693,2143.0,0
32,0,Travel_Rarely,859,Research & Development,4,3,Life Sciences,830,3,Female,98,2,2,Manufacturing Director,3,Married,6162,19124,1,No,12,3,3,1,14,3,3,14,13,6,8,18,1.0,0.9285714285714286,0.5714285714285714,0.42857142857142855,3.0,8.726318950962243,3081.0,0
40,0,Travel_Frequently,720,Research & Development,16,4,Medical,832,1,Male,51,2,2,Laboratory Technician,3,Single,5094,11983,6,No,14,3,4,0,10,6,3,1,0,0,0,30,0.1,0.0,0.0,0.0,2.6666666666666665,8.536014945656826,2547.0,0
30,0,Travel_Rarely,946,Research & Development,2,3,Medical,833,3,Female,52,2,2,Manufacturing Director,4,Single,6877,20234,5,Yes,24,4,2,0,12,4,2,0,0,0,0,18,0.0,0.0,0.0,0.0,3.0,8.83608319099221,3438.5,2
45,0,Travel_Rarely,252,Research & Development,2,3,Life Sciences,834,2,Female,95,2,1,Research Scientist,3,Single,2274,6153,1,No,14,3,4,0,1,3,3,1,0,0,0,44,1.0,0.0,0.0,0.0,3.0,7.729735331385051,2274.0,0
42,0,Travel_Rarely,933,Research & Development,29,3,Life Sciences,836,2,Male,98,3,2,Manufacturing Director,2,Married,4434,11806,1,No,13,3,4,1,10,3,2,9,8,7,8,32,0.9,0.8888888888888888,0.8888888888888888,0.7777777777777778,2.6666666666666665,8.39728289474368,2217.0,0
38,0,Travel_Frequently,471,Research & Development,12,3,Life Sciences,837,1,Male,45,2,2,Healthcare Representative,1,Divorced,6288,4284,2,No,15,3,3,1,13,3,2,4,3,1,2,25,0.3076923076923077,0.75,0.5,0.25,1.6666666666666667,8.746557354543503,3144.0,0
34,0,Travel_Frequently,702,Research & Development,16,4,Life Sciences,838,3,Female,100,2,1,Research Scientist,4,Single,2553,8306,1,No,16,3,3,0,6,3,3,5,2,1,3,28,0.8333333333333334,0.4,0.6,0.2,3.3333333333333335,7.845416036592485,2553.0,0
49,1,Travel_Rarely,1184,Sales,11,3,Marketing,840,3,Female,43,3,3,Sales Executive,4,Married,7654,5860,1,No,18,3,1,2,9,3,4,9,8,7,7,40,1.0,0.8888888888888888,0.7777777777777778,0.7777777777777778,2.6666666666666665,8.943114308091785,2551.3333333333335,0
55,1,Travel_Rarely,436,Sales,2,1,Medical,842,3,Male,37,3,2,Sales Executive,4,Single,5160,21519,4,No,16,3,3,0,12,3,2,9,7,7,3,43,0.75,0.7777777777777778,0.3333333333333333,0.7777777777777778,3.3333333333333335,8.548885638148727,2580.0,0
43,0,Travel_Rarely,589,Research & Development,14,2,Life Sciences,843,2,Male,94,3,4,Research Director,1,Married,17159,5200,6,No,24,4,3,1,22,3,3,4,1,1,0,21,0.18181818181818182,0.25,0.0,0.25,2.0,9.750336373041954,4289.75,0
27,0,Travel_Rarely,269,Research & Development,5,1,Technical Degree,844,3,Male,42,2,3,Research Director,4,Divorced,12808,8842,1,Yes,16,3,2,1,9,3,3,9,8,0,8,18,1.0,0.8888888888888888,0.8888888888888888,0.0,3.0,9.457903327831136,4269.333333333333,2
35,0,Travel_Rarely,950,Research & Development,7,3,Other,845,3,Male,59,3,3,Manufacturing Director,3,Single,10221,18869,3,No,21,4,2,0,17,3,4,8,5,1,6,18,0.47058823529411764,0.625,0.75,0.125,2.6666666666666665,9.232297539328226,3407.0,0
28,0,Travel_Rarely,760,Sales,2,4,Marketing,846,2,Female,81,3,2,Sales Executive,2,Married,4779,3698,1,Yes,20,4,1,0,8,2,3,8,7,7,5,20,1.0,0.875,0.625,0.875,1.6666666666666667,8.472195825485501,2389.5,3
34,0,Travel_Rarely,829,Human Resources,3,2,Human Resources,847,3,Male,88,3,1,Human Resources,4,Married,3737,2243,0,No,19,3,3,1,4,1,1,3,2,0,2,30,0.75,0.6666666666666666,0.6666666666666666,0.0,3.3333333333333335,8.226305988015508,3737.0,0
26,1,Travel_Frequently,887,Research & Development,5,2,Medical,848,3,Female,88,2,1,Research Scientist,3,Married,2366,20898,1,Yes,14,3,1,1,8,2,3,8,7,1,7,18,1.0,0.875,0.875,0.125,2.3333333333333335,7.769378609513984,2366.0,2
27,0,Non-Travel,443,Research & Development,3,3,Medical,850,4,Male,50,3,1,Research Scientist,4,Married,1706,16571,1,No,11,3,3,3,0,6,2,0,0,0,0,27,0.0,0.0,0.0,0.0,3.6666666666666665,7.442492722794441,1706.0,0
51,0,Travel_Rarely,1318,Sales,26,4,Marketing,851,1,Female,66,3,4,Manager,3,Married,16307,5594,2,No,14,3,3,1,29,2,2,20,6,4,17,22,0.6896551724137931,0.3,0.85,0.2,2.3333333333333335,9.699411063939143,4076.75,0
44,0,Travel_Rarely,625,Research & Development,4,3,Medical,852,4,Male,50,3,2,Healthcare Representative,2,Single,5933,5197,9,No,12,3,4,0,10,2,2,5,2,2,3,34,0.5,0.4,0.6,0.4,3.3333333333333335,8.688453800850768,2966.5,0
25,0,Travel_Rarely,180,Research & Development,2,1,Medical,854,1,Male,65,4,1,Research Scientist,1,Single,3424,21632,7,No,13,3,3,0,6,3,2,4,3,0,1,19,0.6666666666666666,0.75,0.25,0.0,1.6666666666666667,8.138856750696325,3424.0,0
33,0,Travel_Rarely,586,Sales,1,3,Medical,855,1,Male,48,4,2,Sales Executive,1,Divorced,4037,21816,1,No,22,4,1,1,9,5,3,9,8,0,8,24,1.0,0.8888888888888888,0.8888888888888888,0.0,1.0,8.303504798872783,2018.5,0
35,0,Travel_Rarely,1343,Research & Development,27,1,Medical,856,3,Female,53,2,1,Research Scientist,1,Single,2559,17852,1,No,11,3,4,0,6,3,2,6,5,1,1,29,1.0,0.8333333333333334,0.16666666666666666,0.16666666666666666,2.6666666666666665,7.847762537473608,2559.0,0
36,0,Travel_Rarely,928,Sales,1,2,Life Sciences,857,2,Male,56,3,2,Sales Executive,4,Married,6201,2823,1,Yes,14,3,4,1,18,1,2,18,14,4,11,18,1.0,0.7777777777777778,0.6111111111111112,0.2222222222222222,3.3333333333333335,8.732627099660395,3100.5,3
32,0,Travel_Rarely,117,Sales,13,4,Life Sciences,859,2,Male,73,3,2,Sales Executive,4,Divorced,4403,9250,2,No,11,3,3,1,8,3,2,5,2,0,3,24,0.625,0.4,0.6,0.0,3.0,8.390268497842571,2201.5,0
30,0,Travel_Frequently,1012,Research & Development,5,4,Life Sciences,861,2,Male,75,2,1,Research Scientist,4,Divorced,3761,2373,9,No,12,3,2,1,10,3,2,5,4,0,3,20,0.5,0.8,0.6,0.0,2.6666666666666665,8.232706009860976,3761.0,0
53,0,Travel_Rarely,661,Sales,7,2,Marketing,862,1,Female,78,2,3,Sales Executive,4,Married,10934,20715,7,Yes,18,3,4,1,35,3,3,5,2,0,4,18,0.14285714285714285,0.4,0.8,0.0,3.0,9.299723933110869,3644.6666666666665,2
45,0,Travel_Rarely,930,Sales,9,3,Marketing,864,4,Male,74,3,3,Sales Executive,1,Divorced,10761,19239,4,Yes,12,3,3,1,18,2,3,5,4,0,2,27,0.2777777777777778,0.8,0.4,0.0,2.6666666666666665,9.283776690049365,3587.0,3
32,0,Travel_Rarely,638,Research & Development,8,2,Medical,865,3,Female,91,4,2,Research Scientist,3,Married,5175,22162,5,No,12,3,3,1,9,3,2,5,3,1,3,23,0.5555555555555556,0.6,0.6,0.2,3.0,8.551787836180736,2587.5,0
52,0,Travel_Frequently,890,Research & Development,25,4,Medical,867,3,Female,81,2,4,Manufacturing Director,4,Married,13826,19028,3,No,22,4,3,0,31,3,3,9,8,0,0,21,0.2903225806451613,0.8888888888888888,0.0,0.0,3.3333333333333335,9.534378481388618,3456.5,0
37,0,Travel_Rarely,342,Sales,16,4,Marketing,868,4,Male,66,2,2,Sales Executive,3,Divorced,6334,24558,4,No,19,3,4,2,9,2,3,1,0,0,0,28,0.1111111111111111,0.0,0.0,0.0,3.6666666666666665,8.75384509275524,3167.0,0
28,0,Travel_Rarely,1169,Human Resources,8,2,Medical,869,2,Male,63,2,1,Human Resources,4,Divorced,4936,23965,1,No,13,3,4,1,6,6,3,5,1,0,4,22,0.8333333333333334,0.2,0.8,0.0,3.3333333333333335,8.504513138258863,4936.0,0
22,0,Travel_Rarely,1230,Research & Development,1,2,Life Sciences,872,4,Male,33,2,2,Manufacturing Director,4,Married,4775,19146,6,No,22,4,1,2,4,2,1,2,2,2,2,18,0.5,1.0,1.0,1.0,3.0,8.471358655072438,2387.5,0
44,0,Travel_Rarely,986,Research & Development,8,4,Life Sciences,874,1,Male,62,4,1,Laboratory Technician,4,Married,2818,5044,2,Yes,24,4,3,1,10,2,2,3,2,0,2,34,0.3,0.6666666666666666,0.6666666666666666,0.0,2.6666666666666665,7.9441374911141125,2818.0,4
42,0,Travel_Frequently,1271,Research & Development,2,1,Medical,875,2,Male,35,3,1,Research Scientist,4,Single,2515,9068,5,Yes,14,3,4,0,8,2,3,2,1,2,2,34,0.25,0.5,1.0,1.0,3.3333333333333335,7.830425617820331,2515.0,3
36,0,Travel_Rarely,1278,Human Resources,8,3,Life Sciences,878,1,Male,77,2,1,Human Resources,1,Married,2342,8635,0,No,21,4,3,0,6,3,3,5,4,0,3,30,0.8333333333333334,0.8,0.6,0.0,1.6666666666666667,7.759187438507795,2342.0,0
25,0,Travel_Rarely,141,Sales,3,1,Other,879,3,Male,98,3,2,Sales Executive,1,Married,4194,14363,1,Yes,18,3,4,0,5,3,3,5,3,0,3,20,1.0,0.6,0.6,0.0,2.6666666666666665,8.341648618901306,2097.0,3
35,0,Travel_Rarely,607,Research & Development,9,3,Life Sciences,880,4,Female,66,2,3,Manufacturing Director,3,Married,10685,23457,1,Yes,20,4,2,1,17,2,3,17,14,5,15,18,1.0,0.8235294117647058,0.8823529411764706,0.29411764705882354,3.0,9.276689752517717,3561.6666666666665,2
35,1,Travel_Frequently,130,Research & Development,25,4,Life Sciences,881,4,Female,96,3,1,Research Scientist,2,Divorced,2022,16612,1,Yes,19,3,1,1,10,3,2,10,2,7,8,25,1.0,0.2,0.8,0.7,2.3333333333333335,7.612336837167746,2022.0,3
32,0,Non-Travel,300,Research & Development,1,3,Life Sciences,882,4,Male,61,3,1,Laboratory Technician,4,Divorced,2314,9148,0,No,12,3,2,1,4,2,3,3,0,0,2,28,0.75,0.0,0.6666666666666666,0.0,3.3333333333333335,7.747164966520335,2314.0,0
25,0,Travel_Rarely,583,Sales,4,1,Marketing,885,3,Male,87,2,2,Sales Executive,1,Married,4256,18154,1,No,12,3,1,0,5,1,4,5,2,0,3,20,1.0,0.4,0.6,0.0,1.6666666666666667,8.356319965828153,2128.0,0
49,0,Travel_Rarely,1418,Research & Development,1,3,Technical Degree,887,3,Female,36,3,1,Research Scientist,1,Married,3580,10554,2,No,16,3,2,1,7,2,3,4,2,0,2,42,0.5714285714285714,0.5,0.5,0.0,2.0,8.183397369998433,3580.0,0
24,0,Non-Travel,1269,Research & Development,4,1,Life Sciences,888,1,Male,46,2,1,Laboratory Technician,4,Married,3162,10778,0,No,17,3,4,0,6,2,2,5,2,3,4,18,0.8333333333333334,0.4,0.8,0.6,3.0,8.059276223305648,3162.0,0
32,0,Travel_Frequently,379,Sales,5,2,Life Sciences,889,2,Male,48,3,2,Sales Executive,2,Married,6524,8891,1,No,14,3,4,1,10,3,3,10,8,5,3,22,1.0,0.8,0.3,0.5,2.6666666666666665,8.783396232190894,3262.0,0
38,0,Travel_Rarely,395,Sales,9,3,Marketing,893,2,Male,98,2,1,Sales Representative,2,Married,2899,12102,0,No,19,3,4,1,3,3,3,2,2,1,2,35,0.6666666666666666,1.0,1.0,0.5,2.6666666666666665,7.9724660159745655,2899.0,0
42,0,Travel_Rarely,1265,Research & Development,3,3,Life Sciences,894,3,Female,95,4,2,Laboratory Technician,4,Married,5231,23726,2,Yes,13,3,2,1,17,1,2,5,3,1,3,25,0.29411764705882354,0.6,0.6,0.2,3.0,8.562548893137034,2615.5,4
31,0,Travel_Rarely,1222,Research & Development,11,4,Life Sciences,895,4,Male,48,3,1,Research Scientist,4,Married,2356,14871,3,Yes,19,3,2,1,8,2,3,6,4,0,2,23,0.75,0.6666666666666666,0.3333333333333333,0.0,3.3333333333333335,7.7651449029361315,2356.0,3
29,1,Travel_Rarely,341,Sales,1,3,Medical,896,2,Female,48,2,1,Sales Representative,3,Divorced,2800,23522,6,Yes,19,3,3,3,5,3,3,3,2,0,2,24,0.6,0.6666666666666666,0.6666666666666666,0.0,2.6666666666666665,7.937731775260109,2800.0,2
53,0,Travel_Rarely,868,Sales,8,3,Marketing,897,1,Male,73,3,4,Sales Executive,4,Married,11836,22789,5,No,14,3,3,1,28,3,3,2,0,2,2,25,0.07142857142857142,0.0,1.0,1.0,2.6666666666666665,9.378985497953893,2959.0,0
35,0,Travel_Rarely,672,Research & Development,25,3,Technical Degree,899,4,Male,78,2,3,Manufacturing Director,2,Married,10903,9129,3,No,16,3,1,0,16,2,3,13,10,4,8,19,0.8125,0.7692307692307693,0.6153846153846154,0.3076923076923077,2.3333333333333335,9.296884973376368,3634.3333333333335,0
37,0,Travel_Frequently,1231,Sales,21,2,Medical,900,3,Female,54,3,1,Sales Representative,4,Married,2973,21222,5,No,15,3,2,1,10,3,3,5,4,0,0,27,0.5,0.8,0.0,0.0,3.0,7.9976631270201,2973.0,0
53,0,Travel_Rarely,102,Research & Development,23,4,Life Sciences,901,4,Female,72,3,4,Research Director,4,Single,14275,20206,6,No,18,3,3,0,33,0,3,12,9,3,8,20,0.36363636363636365,0.75,0.6666666666666666,0.25,3.6666666666666665,9.566335084610051,3568.75,0
43,0,Travel_Frequently,422,Research & Development,1,3,Life Sciences,902,4,Female,33,3,2,Healthcare Representative,4,Married,5562,21782,4,No,13,3,2,1,12,2,2,5,2,2,2,31,0.4166666666666667,0.4,0.4,0.4,3.3333333333333335,8.623892810075294,2781.0,0
47,0,Travel_Rarely,249,Sales,2,2,Marketing,903,3,Female,35,3,2,Sales Executive,4,Married,4537,17783,0,Yes,22,4,1,1,8,2,3,7,6,7,7,39,0.875,0.8571428571428571,1.0,1.0,2.6666666666666665,8.420241665339788,2268.5,3
37,0,Non-Travel,1252,Sales,19,2,Medical,904,1,Male,32,3,3,Sales Executive,2,Single,7642,4814,1,Yes,13,3,4,0,10,2,3,10,0,0,9,27,1.0,0.0,0.9,0.0,2.3333333333333335,8.941545475242885,2547.3333333333335,3
50,0,Non-Travel,881,Research & Development,2,4,Life Sciences,905,1,Male,98,3,4,Manager,1,Divorced,17924,4544,1,No,11,3,4,1,31,3,3,31,6,14,7,19,1.0,0.1935483870967742,0.22580645161290322,0.45161290322580644,2.0,9.793951665467821,4481.0,0
39,0,Travel_Rarely,1383,Human Resources,2,3,Life Sciences,909,4,Female,42,2,2,Human Resources,4,Married,5204,7790,8,No,11,3,3,2,13,2,3,5,4,0,4,26,0.38461538461538464,0.8,0.8,0.0,3.6666666666666665,8.557374981049069,2602.0,0
33,0,Travel_Rarely,1075,Human Resources,3,2,Human Resources,910,4,Male,57,3,1,Human Resources,2,Divorced,2277,22650,3,Yes,11,3,3,1,7,4,4,4,3,0,3,26,0.5714285714285714,0.75,0.75,0.0,3.0,7.731053144007127,2277.0,3
32,1,Travel_Rarely,374,Research & Development,25,4,Life Sciences,911,1,Male,87,3,1,Laboratory Technician,4,Single,2795,18016,1,Yes,24,4,3,0,1,2,1,1,0,0,1,31,1.0,0.0,1.0,0.0,2.6666666666666665,7.935945103353701,2795.0,3
29,0,Travel_Rarely,1086,Research & Development,7,1,Medical,912,1,Female,62,2,1,Laboratory Technician,4,Divorced,2532,6054,6,No,14,3,3,3,8,5,3,4,3,0,3,21,0.5,0.75,0.75,0.0,2.6666666666666665,7.837159650001675,2532.0,0
44,0,Travel_Rarely,661,Research & Development,9,2,Life Sciences,913,2,Male,61,3,1,Research Scientist,1,Married,2559,7508,1,Yes,13,3,4,0,8,0,3,8,7,7,1,36,1.0,0.875,0.125,0.875,2.3333333333333335,7.847762537473608,2559.0,3
28,0,Travel_Rarely,821,Sales,5,4,Medical,916,1,Male,98,3,2,Sales Executive,4,Single,4908,24252,1,No,14,3,2,0,4,3,3,4,2,0,2,24,1.0,0.5,0.5,0.0,2.3333333333333335,8.498825534058053,2454.0,0
58,1,Travel_Frequently,781,Research & Development,2,1,Life Sciences,918,4,Male,57,2,1,Laboratory Technician,4,Divorced,2380,13384,9,Yes,14,3,4,1,3,3,2,1,0,0,0,55,0.3333333333333333,0.0,0.0,0.0,4.0,7.7752758464868625,2380.0,2
43,0,Travel_Rarely,177,Research & Development,8,3,Life Sciences,920,1,Female,55,3,2,Manufacturing Director,2,Divorced,4765,23814,4,No,21,4,3,1,4,2,4,1,0,0,0,39,0.25,0.0,0.0,0.0,2.0,8.469262657658687,2382.5,0
20,1,Travel_Rarely,500,Sales,2,3,Medical,922,3,Female,49,2,1,Sales Representative,3,Single,2044,22052,1,No,13,3,4,0,2,3,2,2,2,0,2,18,1.0,1.0,1.0,0.0,3.3333333333333335,7.623153068476902,2044.0,0
21,1,Travel_Rarely,1427,Research & Development,18,1,Other,923,4,Female,65,3,1,Research Scientist,4,Single,2693,8870,1,No,19,3,1,0,1,3,2,1,0,0,0,20,1.0,0.0,0.0,0.0,3.0,7.898782356970309,2693.0,0
36,0,Travel_Rarely,1425,Research & Development,14,1,Life Sciences,924,3,Male,68,3,2,Healthcare Representative,4,Married,6586,4821,0,Yes,17,3,1,1,17,2,2,16,8,4,11,19,0.9411764705882353,0.5,0.6875,0.25,2.6666666666666665,8.792853288640693,3293.0,3
47,0,Travel_Rarely,1454,Sales,2,4,Life Sciences,925,4,Female,65,2,1,Sales Representative,4,Single,3294,13137,1,Yes,18,3,1,0,3,3,2,3,2,1,2,44,1.0,0.6666666666666666,0.6666666666666666,0.3333333333333333,3.0,8.100161446936607,3294.0,2
22,1,Travel_Rarely,617,Research & Development,3,1,Life Sciences,926,2,Female,34,3,2,Manufacturing Director,3,Married,4171,10022,0,Yes,19,3,1,1,4,3,4,3,2,0,2,18,0.75,0.6666666666666666,0.6666666666666666,0.0,2.0,8.336150816120663,2085.5,3
41,1,Travel_Rarely,1085,Research & Development,2,4,Life Sciences,927,2,Female,57,1,1,Laboratory Technician,4,Divorced,2778,17725,4,Yes,13,3,3,1,10,1,2,7,7,1,0,31,0.7,1.0,0.0,0.14285714285714285,3.0,7.929846429742503,2778.0,1
28,0,Travel_Rarely,995,Research & Development,9,3,Medical,930,3,Female,77,3,1,Research Scientist,3,Divorced,2377,9834,5,No,18,3,2,1,6,2,3,2,2,2,2,22,0.3333333333333333,1.0,1.0,1.0,2.6666666666666665,7.774015077250727,2377.0,0
39,1,Travel_Rarely,1122,Research & Development,6,3,Medical,932,4,Male,70,3,1,Laboratory Technician,1,Married,2404,4303,7,Yes,21,4,4,0,8,2,1,2,2,2,2,31,0.25,1.0,1.0,1.0,3.0,7.785305182539862,2404.0,3
27,0,Travel_Rarely,618,Research & Development,4,3,Life Sciences,933,2,Female,76,3,1,Research Scientist,3,Single,2318,17808,1,No,19,3,3,0,1,2,3,1,1,0,0,26,1.0,1.0,0.0,0.0,2.6666666666666665,7.7488913372555315,2318.0,0
34,0,Travel_Rarely,546,Research & Development,10,3,Life Sciences,934,2,Male,83,3,1,Laboratory Technician,2,Divorced,2008,6896,1,No,14,3,2,2,1,3,3,1,0,1,0,33,1.0,0.0,0.0,1.0,2.0,7.605392364814935,2008.0,0
42,0,Travel_Rarely,462,Sales,14,2,Medical,936,3,Female,68,2,2,Sales Executive,3,Single,6244,7824,7,No,17,3,1,0,10,6,3,5,4,0,3,32,0.5,0.8,0.6,0.0,2.3333333333333335,8.739536422559677,3122.0,0
33,0,Travel_Rarely,1198,Research & Development,1,4,Other,939,3,Male,100,2,1,Research Scientist,1,Single,2799,3339,3,Yes,11,3,2,0,6,1,3,3,2,0,2,27,0.5,0.6666666666666666,0.6666666666666666,0.0,2.0,7.937374696163295,2799.0,2
58,0,Travel_Rarely,1272,Research & Development,5,3,Technical Degree,940,3,Female,37,2,3,Healthcare Representative,2,Divorced,10552,9255,2,Yes,13,3,4,1,24,3,3,6,0,0,4,34,0.25,0.0,0.6666666666666666,0.0,3.0,9.26416545867109,3517.3333333333335,2
31,0,Travel_Rarely,154,Sales,7,4,Life Sciences,941,2,Male,41,2,1,Sales Representative,3,Married,2329,11737,3,No,15,3,2,0,13,2,4,7,7,5,2,18,0.5384615384615384,1.0,0.2857142857142857,0.7142857142857143,2.3333333333333335,7.753623546559746,2329.0,0
35,0,Travel_Rarely,1137,Research & Development,21,1,Life Sciences,942,4,Female,51,3,2,Healthcare Representative,4,Married,4014,19170,1,Yes,25,4,4,1,10,2,1,10,6,0,7,25,1.0,0.6,0.7,0.0,4.0,8.297792626380861,2007.0,3
49,0,Travel_Rarely,527,Research & Development,8,2,Other,944,1,Female,51,3,3,Laboratory Technician,2,Married,7403,22477,4,No,11,3,3,1,29,3,2,26,9,1,7,20,0.896551724137931,0.34615384615384615,0.2692307692307692,0.038461538461538464,2.0,8.909775673693389,2467.6666666666665,0
48,0,Travel_Rarely,1469,Research & Development,20,4,Medical,945,4,Male,51,3,1,Research Scientist,3,Married,2259,5543,4,No,17,3,1,2,13,2,2,0,0,0,0,35,0.0,0.0,0.0,0.0,2.6666666666666665,7.723120092266331,2259.0,0
31,0,Non-Travel,1188,Sales,20,2,Marketing,947,4,Female,45,3,2,Sales Executive,3,Married,6932,24406,1,No,13,3,4,1,9,2,2,9,8,0,0,22,1.0,0.8888888888888888,0.0,0.0,3.6666666666666665,8.84404789894249,3466.0,0
36,0,Travel_Rarely,188,Research & Development,7,4,Other,949,2,Male,65,3,1,Research Scientist,4,Single,4678,23293,2,No,18,3,3,0,8,6,3,6,2,0,1,28,0.75,0.3333333333333333,0.16666666666666666,0.0,3.0,8.450839690866216,4678.0,0
38,0,Travel_Rarely,1333,Research & Development,1,3,Technical Degree,950,4,Female,80,3,3,Research Director,1,Married,13582,16292,1,No,13,3,2,1,15,3,3,15,12,5,11,23,1.0,0.8,0.7333333333333333,0.3333333333333333,2.3333333333333335,9.51657428982249,4527.333333333333,0
32,0,Non-Travel,1184,Research & Development,1,3,Life Sciences,951,3,Female,70,2,1,Laboratory Technician,2,Married,2332,3974,6,No,20,4,3,0,5,3,3,3,0,0,2,27,0.6,0.0,0.6666666666666666,0.0,2.6666666666666665,7.75491027202143,2332.0,0
25,1,Travel_Rarely,867,Sales,19,2,Marketing,952,3,Male,36,2,1,Sales Representative,2,Married,2413,18798,1,Yes,18,3,3,3,1,2,3,1,0,0,0,24,1.0,0.0,0.0,0.0,2.6666666666666665,7.789040401657477,2413.0,2
40,0,Travel_Rarely,658,Sales,10,4,Marketing,954,1,Male,67,2,3,Sales Executive,2,Divorced,9705,20652,2,No,12,3,2,1,11,2,2,1,0,0,0,29,0.09090909090909091,0.0,0.0,0.0,1.6666666666666667,9.18049952996516,3235.0,0
26,0,Travel_Frequently,1283,Sales,1,3,Medical,956,3,Male,52,2,2,Sales Executive,1,Single,4294,11148,1,No,12,3,2,0,7,2,3,7,7,0,7,19,1.0,1.0,1.0,0.0,2.0,8.365206834418355,2147.0,0
41,0,Travel_Rarely,263,Research & Development,6,3,Medical,957,4,Male,59,3,1,Laboratory Technician,1,Single,4721,3119,2,Yes,13,3,3,0,20,3,3,18,13,2,17,21,0.9,0.7222222222222222,0.9444444444444444,0.1111111111111111,2.6666666666666665,8.459987717645458,4721.0,3
36,0,Travel_Rarely,938,Research & Development,2,4,Medical,958,3,Male,79,3,1,Laboratory Technician,3,Single,2519,12287,4,No,21,4,3,0,16,6,3,11,8,3,9,20,0.6875,0.7272727272727273,0.8181818181818182,0.2727272727272727,3.0,7.832014180505469,2519.0,0
19,1,Travel_Rarely,419,Sales,21,3,Other,959,4,Male,37,2,1,Sales Representative,2,Single,2121,9947,1,Yes,13,3,2,0,1,3,4,1,0,0,0,18,1.0,0.0,0.0,0.0,2.6666666666666665,7.660114319173928,2121.0,2
20,1,Travel_Rarely,129,Research & Development,4,3,Technical Degree,960,1,Male,84,3,1,Laboratory Technician,1,Single,2973,13008,1,No,19,3,2,0,1,2,3,1,0,0,0,19,1.0,0.0,0.0,0.0,1.3333333333333333,7.9976631270201,2973.0,0
31,0,Travel_Rarely,616,Research & Development,12,3,Medical,961,4,Female,41,3,2,Healthcare Representative,4,Married,5855,17369,0,Yes,11,3,3,2,10,2,1,9,7,8,5,21,0.9,0.7777777777777778,0.5555555555555556,0.8888888888888888,3.6666666666666665,8.675222055641148,2927.5,3
40,0,Travel_Frequently,1469,Research & Development,9,4,Medical,964,4,Male,35,3,1,Research Scientist,2,Divorced,3617,25063,8,Yes,14,3,4,1,3,2,3,1,1,0,0,37,0.3333333333333333,1.0,0.0,0.0,3.3333333333333335,8.193676665955241,3617.0,3
32,0,Travel_Rarely,498,Research & Development,3,4,Medical,966,3,Female,93,3,2,Manufacturing Director,1,Married,6725,13554,1,No,12,3,3,1,8,2,4,8,7,6,3,24,1.0,0.875,0.375,0.75,2.3333333333333335,8.813735892300215,3362.5,0
36,1,Travel_Rarely,530,Sales,3,1,Life Sciences,967,3,Male,51,2,3,Sales Executive,4,Married,10325,5518,1,Yes,11,3,1,1,16,6,3,16,7,3,7,20,1.0,0.4375,0.4375,0.1875,2.6666666666666665,9.242420265439595,3441.6666666666665,2
33,0,Travel_Rarely,1069,Research & Development,1,3,Life Sciences,969,2,Female,42,2,2,Healthcare Representative,4,Single,6949,12291,0,No,14,3,1,0,6,3,3,5,0,1,4,27,0.8333333333333334,0.0,0.8,0.2,2.3333333333333335,8.846496938558838,3474.5,0
37,1,Travel_Rarely,625,Sales,1,4,Life Sciences,970,1,Male,46,2,3,Sales Executive,3,Married,10609,14922,5,No,11,3,3,0,17,2,1,14,1,11,7,20,0.8235294117647058,0.07142857142857142,0.5,0.7857142857142857,2.3333333333333335,9.26955223160803,3536.3333333333335,0
45,0,Non-Travel,805,Research & Development,4,2,Life Sciences,972,3,Male,57,3,2,Laboratory Technician,2,Married,4447,23163,1,No,12,3,2,0,9,5,2,9,7,0,8,36,1.0,0.7777777777777778,0.8888888888888888,0.0,2.3333333333333335,8.400209835930418,2223.5,0
29,0,Travel_Frequently,1404,Sales,20,3,Technical Degree,974,3,Female,84,3,1,Sales Representative,4,Married,2157,18203,1,No,15,3,2,1,3,5,3,3,1,0,2,26,1.0,0.3333333333333333,0.6666666666666666,0.0,3.0,7.67693714581808,2157.0,0
35,0,Travel_Rarely,1219,Sales,18,3,Medical,975,3,Female,86,3,2,Sales Executive,3,Married,4601,6179,1,No,16,3,2,0,5,3,3,5,2,1,0,30,1.0,0.4,0.0,0.2,2.6666666666666665,8.434246270595311,2300.5,0
52,0,Travel_Rarely,1053,Research & Development,1,2,Life Sciences,976,4,Male,70,3,4,Manager,4,Married,17099,13829,2,No,15,3,2,1,26,2,2,9,8,7,8,26,0.34615384615384615,0.8888888888888888,0.8888888888888888,0.7777777777777778,3.3333333333333335,9.746833742490752,4274.75,0
58,1,Travel_Rarely,289,Research & Development,2,3,Technical Degree,977,4,Male,51,3,1,Research Scientist,3,Single,2479,26227,4,No,24,4,1,0,7,4,3,1,0,0,0,51,0.14285714285714285,0.0,0.0,0.0,2.6666666666666665,7.8160138391590275,2479.0,0
53,0,Travel_Rarely,1376,Sales,2,2,Medical,981,3,Male,45,3,4,Manager,3,Divorced,14852,13938,6,No,13,3,3,1,22,3,4,17,13,15,2,31,0.7727272727272727,0.7647058823529411,0.11764705882352941,0.8823529411764706,3.0,9.605957144029533,3713.0,0
30,0,Travel_Rarely,231,Sales,8,2,Other,982,3,Male,62,3,3,Sales Executive,3,Divorced,7264,9977,5,No,11,3,1,1,10,2,4,8,4,7,7,20,0.8,0.5,0.875,0.875,2.3333333333333335,8.890823576004383,2421.3333333333335,0
38,0,Non-Travel,152,Sales,10,3,Technical Degree,983,3,Female,85,3,2,Sales Executive,4,Single,5666,19899,1,Yes,13,3,2,0,6,1,3,5,3,1,3,32,0.8333333333333334,0.6,0.6,0.2,3.0,8.64241515616962,2833.0,3
35,0,Travel_Rarely,882,Sales,3,4,Life Sciences,984,4,Male,92,3,3,Sales Executive,4,Divorced,7823,6812,6,No,13,3,2,1,12,2,3,10,9,0,8,23,0.8333333333333334,0.9,0.8,0.0,3.3333333333333335,8.964951211714654,2607.6666666666665,0
39,0,Travel_Rarely,903,Sales,2,5,Life Sciences,985,1,Male,41,4,3,Sales Executive,3,Single,7880,2560,0,No,18,3,4,0,9,3,3,8,7,0,7,30,0.8888888888888888,0.875,0.875,0.0,2.6666666666666665,8.97221007835365,2626.6666666666665,0
40,1,Non-Travel,1479,Sales,24,3,Life Sciences,986,2,Female,100,4,4,Sales Executive,2,Single,13194,17071,4,Yes,16,3,4,0,22,2,2,1,0,0,0,18,0.045454545454545456,0.0,0.0,0.0,2.6666666666666665,9.487593248937424,3298.5,4
47,0,Travel_Frequently,1379,Research & Development,16,4,Medical,987,3,Male,64,4,2,Manufacturing Director,3,Divorced,5067,6759,1,Yes,19,3,3,0,20,3,4,19,10,2,7,27,0.95,0.5263157894736842,0.3684210526315789,0.10526315789473684,3.0,8.53070154144103,2533.5,4
36,0,Non-Travel,1229,Sales,8,4,Technical Degree,990,1,Male,84,3,2,Sales Executive,4,Divorced,5079,25952,4,No,13,3,4,2,12,3,3,7,7,0,7,24,0.5833333333333334,1.0,1.0,0.0,3.0,8.533066540572527,2539.5,0
31,1,Non-Travel,335,Research & Development,9,2,Medical,991,3,Male,46,2,1,Research Scientist,1,Single,2321,10322,0,Yes,22,4,1,0,4,0,3,3,2,1,2,27,0.75,0.6666666666666666,0.6666666666666666,0.3333333333333333,1.6666666666666667,7.7501841622578365,2321.0,2
33,0,Non-Travel,722,Sales,17,3,Life Sciences,992,4,Male,38,3,4,Manager,3,Single,17444,20489,1,No,11,3,4,0,10,2,3,10,8,6,0,23,1.0,0.8,0.0,0.6,3.6666666666666665,9.766808353620874,4361.0,0
29,1,Travel_Rarely,906,Research & Development,10,3,Life Sciences,994,4,Female,92,2,1,Research Scientist,1,Single,2404,11479,6,Yes,20,4,3,0,3,5,3,0,0,0,0,26,0.0,0.0,0.0,0.0,2.6666666666666665,7.785305182539862,2404.0,2
33,0,Travel_Rarely,461,Research & Development,13,1,Life Sciences,995,2,Female,53,3,1,Research Scientist,4,Single,3452,17241,3,No,18,3,1,0,5,4,3,3,2,0,2,28,0.6,0.6666666666666666,0.6666666666666666,0.0,2.3333333333333335,8.146998697389993,3452.0,0
45,0,Travel_Rarely,974,Research & Development,1,4,Medical,996,4,Female,91,3,1,Laboratory Technician,4,Divorced,2270,11005,3,No,14,3,4,2,8,2,3,5,3,0,2,37,0.625,0.6,0.4,0.0,4.0,7.7279755421055585,2270.0,0
50,0,Travel_Rarely,1126,Research & Development,1,2,Medical,997,4,Male,66,3,4,Research Director,4,Divorced,17399,6615,9,No,22,4,3,1,32,1,2,5,4,1,3,18,0.15625,0.8,0.6,0.2,3.6666666666666665,9.764225485202621,4349.75,0
33,0,Travel_Frequently,827,Research & Development,1,4,Other,998,3,Female,84,4,2,Healthcare Representative,2,Married,5488,20161,1,Yes,13,3,1,1,6,2,3,6,5,1,2,27,1.0,0.8333333333333334,0.3333333333333333,0.16666666666666666,2.0,8.610501368549889,2744.0,4
41,0,Travel_Frequently,840,Research & Development,9,3,Medical,999,1,Male,64,3,5,Research Director,3,Divorced,19419,3735,2,No,17,3,2,1,21,2,4,18,16,0,11,20,0.8571428571428571,0.8888888888888888,0.6111111111111112,0.0,2.0,9.874058741845316,3883.8,0
27,0,Travel_Rarely,1134,Research & Development,16,4,Technical Degree,1001,3,Female,37,3,1,Laboratory Technician,2,Married,2811,12086,9,No,14,3,2,1,4,2,3,2,2,2,2,23,0.5,1.0,1.0,1.0,2.3333333333333335,7.941651252930556,2811.0,0
45,0,Non-Travel,248,Research & Development,23,2,Life Sciences,1002,4,Male,42,3,2,Laboratory Technician,1,Married,3633,14039,1,Yes,15,3,3,1,9,2,3,9,8,0,8,36,1.0,0.8888888888888888,0.8888888888888888,0.0,2.6666666666666665,8.198089248956116,1816.5,3
47,0,Travel_Rarely,955,Sales,4,2,Life Sciences,1003,4,Female,83,3,2,Sales Executive,4,Single,4163,8571,1,Yes,17,3,3,0,9,0,3,9,0,0,7,38,1.0,0.0,0.7777777777777778,0.0,3.6666666666666665,8.33423142973486,2081.5,3
30,1,Travel_Rarely,138,Research & Development,22,3,Life Sciences,1004,1,Female,48,3,1,Research Scientist,3,Married,2132,11539,4,Yes,11,3,2,0,7,2,3,5,2,0,1,23,0.7142857142857143,0.4,0.2,0.0,2.0,7.665284718471351,2132.0,3
50,0,Travel_Rarely,939,Research & Development,24,3,Life Sciences,1005,4,Male,95,3,4,Manufacturing Director,3,Married,13973,4161,3,Yes,18,3,4,1,22,2,3,12,11,1,5,28,0.5454545454545454,0.9166666666666666,0.4166666666666667,0.08333333333333333,3.6666666666666665,9.544953739112396,3493.25,3
38,0,Travel_Frequently,1391,Research & Development,10,1,Medical,1006,3,Male,66,3,1,Research Scientist,3,Married,2684,12127,0,No,17,3,2,1,3,0,2,2,1,0,2,35,0.6666666666666666,0.5,1.0,0.0,2.6666666666666665,7.895436006942965,2684.0,0
46,0,Travel_Rarely,566,Research & Development,7,2,Medical,1007,4,Male,75,3,3,Manufacturing Director,3,Divorced,10845,24208,6,No,13,3,2,1,13,3,3,8,7,0,7,33,0.6153846153846154,0.875,0.875,0.0,3.0,9.291551627401006,3615.0,0
24,0,Travel_Rarely,1206,Research & Development,17,1,Medical,1009,4,Female,41,2,2,Manufacturing Director,3,Divorced,4377,24117,1,No,15,3,2,2,5,6,3,4,2,3,2,19,0.8,0.5,0.5,0.75,3.0,8.384347278082808,2188.5,0
35,1,Travel_Rarely,622,Research & Development,14,4,Other,1010,3,Male,39,2,1,Laboratory Technician,2,Divorced,3743,10074,1,Yes,24,4,4,1,5,2,1,4,2,0,2,30,0.8,0.5,0.5,0.0,3.0,8.227909837597483,3743.0,2
31,0,Travel_Frequently,853,Research & Development,1,1,Life Sciences,1011,3,Female,96,3,2,Manufacturing Director,1,Married,4148,11275,1,No,12,3,3,1,4,1,3,4,3,0,3,27,1.0,0.75,0.75,0.0,2.3333333333333335,8.330622620332868,2074.0,0
18,0,Non-Travel,287,Research & Development,5,2,Life Sciences,1012,2,Male,73,3,1,Research Scientist,4,Single,1051,13493,1,No,15,3,4,0,0,2,3,0,0,0,0,18,0.0,0.0,0.0,0.0,3.3333333333333335,6.9584483932976555,1051.0,0
54,0,Travel_Rarely,1441,Research & Development,17,3,Technical Degree,1013,3,Female,56,3,3,Manufacturing Director,3,Married,10739,13943,8,No,11,3,3,1,22,2,3,10,7,0,8,32,0.45454545454545453,0.7,0.8,0.0,3.0,9.281730368062856,3579.6666666666665,0
35,0,Travel_Rarely,583,Research & Development,25,4,Medical,1014,3,Female,57,3,3,Healthcare Representative,3,Divorced,10388,6975,1,Yes,11,3,3,1,16,3,2,16,10,10,1,19,1.0,0.625,0.0625,0.625,3.0,9.248502833070532,3462.6666666666665,3
30,0,Travel_Rarely,153,Research & Development,8,2,Life Sciences,1015,2,Female,73,4,3,Research Director,1,Married,11416,17802,0,Yes,12,3,3,3,9,4,2,8,7,1,7,21,0.8888888888888888,0.875,0.875,0.125,2.0,9.342858751676328,3805.3333333333335,4
20,1,Travel_Rarely,1097,Research & Development,11,3,Medical,1016,4,Female,98,2,1,Research Scientist,1,Single,2600,18275,1,Yes,15,3,1,0,1,2,3,1,0,0,0,19,1.0,0.0,0.0,0.0,2.0,7.8636512654486515,2600.0,2
30,1,Travel_Frequently,109,Research & Development,5,3,Medical,1017,2,Female,60,3,1,Laboratory Technician,2,Single,2422,25725,0,No,17,3,1,0,4,3,3,3,2,1,2,26,0.75,0.6666666666666666,0.6666666666666666,0.3333333333333333,1.6666666666666667,7.792761720816526,2422.0,0
26,0,Travel_Rarely,1066,Research & Development,2,2,Medical,1018,4,Male,32,4,2,Manufacturing Director,4,Married,5472,3334,1,No,12,3,2,0,8,2,3,8,7,1,3,18,1.0,0.875,0.375,0.125,3.3333333333333335,8.607582191143917,2736.0,0
22,0,Travel_Rarely,217,Research & Development,8,1,Life Sciences,1019,2,Male,94,1,1,Laboratory Technician,1,Married,2451,6881,1,No,15,3,1,1,4,3,2,4,3,1,1,18,1.0,0.75,0.25,0.25,1.3333333333333333,7.804659297056102,2451.0,0
48,0,Travel_Rarely,277,Research & Development,6,3,Life Sciences,1022,1,Male,97,2,2,Healthcare Representative,3,Single,4240,13119,2,No,13,3,4,0,19,0,3,2,2,2,2,29,0.10526315789473684,1.0,1.0,1.0,2.6666666666666665,8.352554369474591,2120.0,0
48,0,Travel_Rarely,1355,Research & Development,4,4,Life Sciences,1024,3,Male,78,2,3,Healthcare Representative,3,Single,10999,22245,7,No,14,3,2,0,27,3,3,15,11,4,8,21,0.5555555555555556,0.7333333333333333,0.5333333333333333,0.26666666666666666,2.6666666666666665,9.305650551780507,3666.3333333333335,0
41,0,Travel_Rarely,549,Research & Development,7,2,Medical,1025,4,Female,42,3,2,Manufacturing Director,3,Single,5003,23371,6,No,14,3,2,0,8,6,3,2,2,2,1,33,0.25,1.0,0.5,1.0,3.0,8.517992871586802,2501.5,0
39,0,Travel_Rarely,466,Research & Development,1,1,Life Sciences,1026,4,Female,65,2,4,Manufacturing Director,4,Married,12742,7060,1,No,16,3,3,1,21,3,3,21,6,11,8,18,1.0,0.2857142857142857,0.38095238095238093,0.5238095238095238,3.6666666666666665,9.452737380212278,3185.5,0
27,0,Travel_Rarely,1055,Research & Development,2,4,Life Sciences,1027,1,Female,47,3,2,Manufacturing Director,4,Married,4227,4658,0,No,18,3,2,1,4,2,3,3,2,2,2,23,0.75,0.6666666666666666,0.6666666666666666,0.6666666666666666,2.3333333333333335,8.349484346990128,2113.5,0
35,0,Travel_Rarely,802,Research & Development,10,3,Other,1028,2,Male,45,3,1,Laboratory Technician,4,Divorced,3917,9541,1,No,20,4,1,1,3,4,2,3,2,1,2,32,1.0,0.6666666666666666,0.6666666666666666,0.3333333333333333,2.3333333333333335,8.273336598504486,3917.0,0
42,0,Travel_Rarely,265,Sales,5,2,Marketing,1029,4,Male,90,3,5,Manager,3,Married,18303,7770,6,No,13,3,2,0,21,3,4,1,0,0,0,21,0.047619047619047616,0.0,0.0,0.0,3.0,9.814874894179525,3660.6,0
50,0,Travel_Rarely,804,Research & Development,9,3,Life Sciences,1030,1,Male,64,3,1,Laboratory Technician,4,Married,2380,20165,4,No,18,3,2,0,8,5,3,1,0,0,0,42,0.125,0.0,0.0,0.0,2.3333333333333335,7.7752758464868625,2380.0,0
59,0,Travel_Rarely,715,Research & Development,2,3,Life Sciences,1032,3,Female,69,2,4,Manufacturing Director,4,Single,13726,21829,3,Yes,13,3,1,0,30,4,3,5,3,4,3,29,0.16666666666666666,0.6,0.6,0.8,2.6666666666666665,9.52711997525166,3431.5,2
37,1,Travel_Rarely,1141,Research & Development,11,2,Medical,1033,1,Female,61,1,2,Healthcare Representative,2,Married,4777,14382,5,No,15,3,1,0,15,2,1,1,0,0,0,22,0.06666666666666667,0.0,0.0,0.0,1.3333333333333333,8.471777327885755,2388.5,0
55,0,Travel_Frequently,135,Research & Development,18,4,Medical,1034,3,Male,62,3,2,Healthcare Representative,2,Married,6385,12992,3,Yes,14,3,4,2,17,3,3,8,7,6,7,38,0.47058823529411764,0.875,0.875,0.75,3.0,8.761863373274727,3192.5,3
41,0,Non-Travel,247,Research & Development,7,1,Life Sciences,1035,2,Female,55,1,5,Research Director,3,Divorced,19973,20284,1,No,22,4,2,2,21,3,3,21,16,5,10,20,1.0,0.7619047619047619,0.47619047619047616,0.23809523809523808,2.3333333333333335,9.90218670680308,3994.6,0
38,0,Travel_Rarely,1035,Sales,3,4,Life Sciences,1036,2,Male,42,3,2,Sales Executive,4,Single,6861,4981,8,Yes,12,3,3,0,19,1,3,1,0,0,0,19,0.05263157894736842,0.0,0.0,0.0,3.0,8.833754223418396,3430.5,3
26,1,Non-Travel,265,Sales,29,2,Medical,1037,2,Male,79,1,2,Sales Executive,1,Single,4969,21813,8,No,18,3,4,0,7,6,3,2,2,2,2,19,0.2857142857142857,1.0,1.0,1.0,2.3333333333333335,8.511175119090675,2484.5,0
52,1,Travel_Rarely,266,Sales,2,1,Marketing,1038,1,Female,57,1,5,Manager,4,Married,19845,25846,1,No,15,3,4,1,33,3,3,32,14,6,9,19,0.9696969696969697,0.4375,0.28125,0.1875,3.0,9.895757754474186,3969.0,0
44,0,Travel_Rarely,1448,Sales,28,3,Medical,1039,4,Female,53,4,4,Sales Executive,4,Married,13320,11737,3,Yes,18,3,3,1,23,2,3,12,11,11,11,21,0.5217391304347826,0.9166666666666666,0.9166666666666666,0.9166666666666666,3.6666666666666665,9.497097016351463,3330.0,4
50,0,Non-Travel,145,Sales,1,3,Life Sciences,1040,4,Female,95,3,2,Sales Executive,3,Married,6347,24920,0,No,12,3,1,1,19,3,3,18,7,0,13,31,0.9473684210526315,0.3888888888888889,0.7222222222222222,0.0,2.6666666666666665,8.7558950816463,3173.5,0
36,1,Travel_Rarely,885,Research & Development,16,4,Life Sciences,1042,3,Female,43,4,1,Laboratory Technician,1,Single,2743,8269,1,No,16,3,3,0,18,1,3,17,13,15,14,18,0.9444444444444444,0.7647058823529411,0.8235294117647058,0.8823529411764706,2.3333333333333335,7.917171988845776,2743.0,0
39,0,Travel_Frequently,945,Research & Development,22,3,Medical,1043,4,Female,82,3,3,Manufacturing Director,1,Single,10880,5083,1,Yes,13,3,3,0,21,2,3,21,6,2,8,18,1.0,0.2857142857142857,0.38095238095238093,0.09523809523809523,2.6666666666666665,9.294773427951013,3626.6666666666665,3
33,0,Non-Travel,1038,Sales,8,1,Life Sciences,1044,2,Female,88,2,1,Sales Representative,4,Single,2342,21437,0,No,19,3,4,0,3,2,2,2,2,2,2,30,0.6666666666666666,1.0,1.0,1.0,3.3333333333333335,7.759187438507795,2342.0,0
45,0,Travel_Rarely,1234,Sales,11,2,Life Sciences,1045,4,Female,90,3,4,Manager,4,Married,17650,5404,3,No,13,3,2,1,26,4,4,9,3,1,1,19,0.34615384615384615,0.3333333333333333,0.1111111111111111,0.1111111111111111,3.3333333333333335,9.77854771798028,4412.5,0
32,0,Non-Travel,1109,Research & Development,29,4,Medical,1046,4,Female,69,3,1,Laboratory Technician,3,Single,4025,11135,9,No,12,3,2,0,10,2,3,8,7,7,7,22,0.8,0.875,0.875,0.875,3.0,8.300528606199737,4025.0,0
34,0,Travel_Rarely,216,Sales,1,4,Marketing,1047,2,Male,75,4,2,Sales Executive,4,Divorced,9725,12278,0,No,11,3,4,1,16,2,2,15,1,0,9,18,0.9375,0.06666666666666667,0.6,0.0,3.3333333333333335,9.182557990963732,4862.5,0
59,0,Travel_Rarely,1089,Sales,1,2,Technical Degree,1048,2,Male,66,3,3,Manager,4,Married,11904,11038,3,Yes,14,3,3,1,14,1,1,6,4,0,4,45,0.42857142857142855,0.6666666666666666,0.6666666666666666,0.0,3.0,9.384713758920963,3968.0,3
45,0,Travel_Rarely,788,Human Resources,24,4,Medical,1049,2,Male,36,3,1,Human Resources,2,Single,2177,8318,1,No,16,3,1,0,6,3,3,6,3,0,4,39,1.0,0.5,0.6666666666666666,0.0,1.6666666666666667,7.686162303492906,2177.0,0
53,0,Travel_Frequently,124,Sales,2,3,Marketing,1050,3,Female,38,2,3,Sales Executive,2,Married,7525,23537,2,No,12,3,1,1,30,2,3,15,7,6,12,23,0.5,0.4666666666666667,0.8,0.4,2.0,8.926118971153382,2508.3333333333335,0
36,1,Travel_Rarely,660,Research & Development,15,3,Other,1052,1,Male,81,3,2,Laboratory Technician,3,Divorced,4834,7858,7,No,14,3,2,1,9,3,2,1,0,0,0,27,0.1111111111111111,0.0,0.0,0.0,2.0,8.483636407887394,2417.0,0
26,1,Travel_Frequently,342,Research & Development,2,3,Life Sciences,1053,1,Male,57,3,1,Research Scientist,1,Married,2042,15346,6,Yes,14,3,2,1,6,2,3,3,2,1,2,20,0.5,0.6666666666666666,0.6666666666666666,0.3333333333333333,1.3333333333333333,7.622174594817622,2042.0,3
34,0,Travel_Rarely,1333,Sales,10,4,Life Sciences,1055,3,Female,87,3,1,Sales Representative,3,Married,2220,18410,1,Yes,19,3,4,1,1,2,3,1,1,0,0,33,1.0,1.0,0.0,0.0,3.3333333333333335,7.7057128238944275,2220.0,3
28,0,Travel_Rarely,1144,Sales,10,1,Medical,1056,4,Male,74,3,1,Sales Representative,2,Married,1052,23384,1,No,22,4,2,0,1,5,3,1,0,0,0,27,1.0,0.0,0.0,0.0,2.6666666666666665,6.959398512133975,1052.0,0
38,0,Travel_Frequently,1186,Research & Development,3,4,Other,1060,3,Male,44,3,1,Research Scientist,3,Married,2821,2997,3,No,16,3,1,1,8,2,3,2,2,2,2,30,0.25,1.0,1.0,1.0,2.3333333333333335,7.945201132412759,2821.0,0
50,0,Travel_Rarely,1464,Research & Development,2,4,Medical,1061,2,Male,62,3,5,Research Director,3,Married,19237,12853,2,Yes,11,3,4,1,29,2,2,8,1,7,7,21,0.27586206896551724,0.125,0.875,0.875,3.0,9.86464276871256,3847.4,3
37,0,Travel_Rarely,124,Research & Development,3,3,Other,1062,4,Female,35,3,2,Healthcare Representative,2,Single,4107,13848,3,No,15,3,1,0,8,3,2,4,3,0,1,29,0.5,0.75,0.25,0.0,2.3333333333333335,8.32069157104845,2053.5,0
40,0,Travel_Rarely,300,Sales,26,3,Marketing,1066,3,Male,74,3,2,Sales Executive,1,Married,8396,22217,1,No,14,3,2,1,8,3,2,7,7,7,5,32,0.875,1.0,0.7142857142857143,1.0,2.0,9.035629778183564,4198.0,0
26,0,Travel_Frequently,921,Research & Development,1,1,Medical,1068,1,Female,66,2,1,Research Scientist,3,Divorced,2007,25265,1,No,13,3,3,2,5,5,3,5,3,1,3,21,1.0,0.6,0.6,0.2,2.3333333333333335,7.60489448081162,2007.0,0
46,0,Travel_Rarely,430,Research & Development,1,4,Medical,1069,4,Male,40,3,5,Research Director,4,Divorced,19627,21445,9,No,17,3,4,2,23,0,3,2,2,2,2,23,0.08695652173913043,1.0,1.0,1.0,4.0,9.884712397209794,3925.4,0
54,0,Travel_Rarely,1082,Sales,2,4,Life Sciences,1070,3,Female,41,2,3,Sales Executive,3,Married,10686,8392,6,No,11,3,2,1,13,4,3,9,4,7,0,41,0.6923076923076923,0.4444444444444444,0.0,0.7777777777777778,2.6666666666666665,9.276783328524896,3562.0,0
56,0,Travel_Frequently,1240,Research & Development,9,3,Medical,1071,1,Female,63,3,1,Research Scientist,3,Married,2942,12154,2,No,19,3,2,1,18,4,3,5,4,0,3,38,0.2777777777777778,0.8,0.6,0.0,2.0,7.987184748233473,2942.0,0
36,0,Travel_Rarely,796,Research & Development,12,5,Medical,1073,4,Female,51,2,3,Manufacturing Director,4,Single,8858,15669,0,No,11,3,2,0,15,2,2,14,8,7,8,21,0.9333333333333333,0.5714285714285714,0.5714285714285714,0.5,3.3333333333333335,9.089189170412032,2952.6666666666665,0
55,0,Non-Travel,444,Research & Development,2,1,Medical,1074,3,Male,40,2,4,Manager,1,Single,16756,17323,7,No,15,3,2,0,31,3,4,9,7,6,2,24,0.2903225806451613,0.7777777777777778,0.2222222222222222,0.6666666666666666,2.0,9.726571360400724,4189.0,0
43,0,Travel_Rarely,415,Sales,25,3,Medical,1076,3,Male,79,2,3,Sales Executive,4,Divorced,10798,5268,5,No,13,3,3,1,18,5,3,1,0,0,0,25,0.05555555555555555,0.0,0.0,0.0,3.3333333333333335,9.28720881623276,3599.3333333333335,0
20,1,Travel_Frequently,769,Sales,9,3,Marketing,1077,4,Female,54,3,1,Sales Representative,4,Single,2323,17205,1,Yes,14,3,2,0,2,3,3,2,2,0,2,18,1.0,1.0,1.0,0.0,3.3333333333333335,7.751045117971802,2323.0,3
21,1,Travel_Rarely,1334,Research & Development,10,3,Life Sciences,1079,3,Female,36,2,1,Laboratory Technician,1,Single,1416,17258,1,No,13,3,1,0,1,6,2,1,0,1,0,20,1.0,0.0,0.0,1.0,1.6666666666666667,7.256297239690681,1416.0,0
46,0,Travel_Rarely,1003,Research & Development,8,4,Life Sciences,1080,4,Female,74,2,2,Research Scientist,1,Divorced,4615,21029,8,Yes,23,4,1,3,19,2,3,16,13,1,7,27,0.8421052631578947,0.8125,0.4375,0.0625,2.0,8.437283808187935,2307.5,2
51,1,Travel_Rarely,1323,Research & Development,4,4,Life Sciences,1081,1,Male,34,3,1,Research Scientist,3,Married,2461,10332,9,Yes,12,3,3,3,18,2,4,10,0,2,7,33,0.5555555555555556,0.0,0.7,0.2,2.3333333333333335,7.808729306744399,2461.0,3
28,1,Non-Travel,1366,Research & Development,24,2,Technical Degree,1082,2,Male,72,2,3,Healthcare Representative,1,Single,8722,12355,1,No,12,3,1,0,10,2,2,10,7,1,9,18,1.0,0.7,0.9,0.1,1.3333333333333333,9.07371849443322,2907.3333333333335,0
26,0,Travel_Rarely,192,Research & Development,1,2,Medical,1083,1,Male,59,2,1,Laboratory Technician,1,Married,3955,11141,1,No,16,3,1,2,6,2,3,5,3,1,3,20,0.8333333333333334,0.6,0.6,0.2,1.0,8.282988692742602,3955.0,0
30,0,Travel_Rarely,1176,Research & Development,20,3,Other,1084,3,Male,85,3,2,Manufacturing Director,1,Married,9957,9096,0,No,15,3,3,1,7,1,2,6,2,0,2,23,0.8571428571428571,0.3333333333333333,0.3333333333333333,0.0,2.3333333333333335,9.206131527202128,4978.5,0
41,0,Travel_Rarely,509,Research & Development,7,2,Technical Degree,1085,2,Female,43,4,1,Research Scientist,3,Married,3376,18863,1,No,13,3,3,0,10,3,3,10,6,0,8,31,1.0,0.6,0.8,0.0,2.6666666666666665,8.124743020385568,3376.0,0
38,0,Travel_Rarely,330,Research & Development,17,1,Life Sciences,1088,3,Female,65,2,3,Healthcare Representative,3,Married,8823,24608,0,No,18,3,1,1,20,4,2,19,9,1,9,18,0.95,0.47368421052631576,0.47368421052631576,0.05263157894736842,2.3333333333333335,9.085230560933338,2941.0,0
40,0,Travel_Rarely,1492,Research & Development,20,4,Technical Degree,1092,1,Male,61,3,3,Healthcare Representative,4,Married,10322,26542,4,No,20,4,4,1,14,6,3,11,10,11,1,26,0.7857142857142857,0.9090909090909091,0.09090909090909091,1.0,3.0,9.24212969446559,3440.6666666666665,0
27,0,Non-Travel,1277,Research & Development,8,5,Life Sciences,1094,1,Male,87,1,1,Laboratory Technician,3,Married,4621,5869,1,No,19,3,4,3,3,4,3,3,2,1,2,24,1.0,0.6666666666666666,0.6666666666666666,0.3333333333333333,2.6666666666666665,8.438582790834326,4621.0,0
55,0,Travel_Frequently,1091,Research & Development,2,1,Life Sciences,1096,4,Male,65,3,3,Manufacturing Director,2,Married,10976,15813,3,No,18,3,2,1,23,4,3,3,2,1,2,32,0.13043478260869565,0.6666666666666666,0.6666666666666666,0.3333333333333333,2.6666666666666665,9.303557453687317,3658.6666666666665,0
28,0,Travel_Rarely,857,Research & Development,10,3,Other,1097,3,Female,59,3,2,Research Scientist,3,Single,3660,7909,3,No,13,3,4,0,10,4,4,8,7,1,7,18,0.8,0.875,0.875,0.125,3.3333333333333335,8.205491613120236,1830.0,0
44,1,Travel_Rarely,1376,Human Resources,1,2,Medical,1098,2,Male,91,2,3,Human Resources,1,Married,10482,2326,9,No,14,3,4,1,24,1,3,20,6,3,6,20,0.8333333333333334,0.3,0.3,0.15,2.3333333333333335,9.257510176452573,3494.0,0
33,0,Travel_Rarely,654,Research & Development,5,3,Life Sciences,1099,4,Male,34,2,3,Healthcare Representative,4,Divorced,7119,21214,4,No,15,3,3,1,9,2,3,3,2,1,2,24,0.3333333333333333,0.6666666666666666,0.6666666666666666,0.3333333333333333,3.6666666666666665,8.87066300440602,2373.0,0
35,1,Travel_Rarely,1204,Sales,4,3,Technical Degree,1100,4,Male,86,3,3,Sales Executive,1,Single,9582,10333,0,Yes,22,4,1,0,9,2,3,8,7,4,7,26,0.8888888888888888,0.875,0.875,0.5,2.0,9.167745974343763,3194.0,3
33,1,Travel_Frequently,827,Research & Development,29,4,Medical,1101,1,Female,54,2,2,Research Scientist,3,Single,4508,3129,1,No,22,4,2,0,14,4,3,13,7,3,8,19,0.9285714285714286,0.5384615384615384,0.6153846153846154,0.23076923076923078,2.0,8.413830678421084,2254.0,0
28,0,Travel_Rarely,895,Research & Development,15,2,Life Sciences,1102,1,Male,50,3,1,Laboratory Technician,3,Divorced,2207,22482,1,No,16,3,4,1,4,5,2,4,2,2,2,24,1.0,0.5,0.5,0.5,2.6666666666666665,7.699842407396986,2207.0,0
34,0,Travel_Frequently,618,Research & Development,3,1,Life Sciences,1103,1,Male,45,3,2,Healthcare Representative,4,Single,7756,22266,0,No,17,3,3,0,7,1,2,6,2,0,4,27,0.8571428571428571,0.3333333333333333,0.6666666666666666,0.0,2.6666666666666665,8.956350940490871,3878.0,0
37,0,Travel_Rarely,309,Sales,10,4,Life Sciences,1105,4,Female,88,2,2,Sales Executive,4,Divorced,6694,24223,2,Yes,14,3,3,3,8,5,3,1,0,0,0,29,0.125,0.0,0.0,0.0,3.6666666666666665,8.809116258125274,3347.0,2
25,1,Travel_Rarely,1219,Research & Development,4,1,Technical Degree,1106,4,Male,32,3,1,Laboratory Technician,4,Married,3691,4605,1,Yes,15,3,2,1,7,3,4,7,7,5,6,18,1.0,1.0,0.8571428571428571,0.7142857142857143,3.3333333333333335,8.213923595622743,3691.0,3
26,1,Travel_Rarely,1330,Research & Development,21,3,Medical,1107,1,Male,37,3,1,Laboratory Technician,3,Divorced,2377,19373,1,No,20,4,3,1,1,0,2,1,1,0,0,25,1.0,1.0,0.0,0.0,2.3333333333333335,7.774015077250727,2377.0,0
33,1,Travel_Rarely,1017,Research & Development,25,3,Medical,1108,1,Male,55,2,1,Research Scientist,2,Single,2313,2993,4,Yes,20,4,2,0,5,0,3,2,2,2,2,28,0.4,1.0,1.0,1.0,1.6666666666666667,7.746732907753622,2313.0,2
42,0,Travel_Rarely,469,Research & Development,2,2,Medical,1109,4,Male,35,3,4,Manager,1,Married,17665,14399,0,No,17,3,4,1,23,3,3,22,6,13,7,19,0.9565217391304348,0.2727272727272727,0.3181818181818182,0.5909090909090909,3.0,9.779397167305078,4416.25,0
28,1,Travel_Frequently,1009,Research & Development,1,3,Medical,1111,1,Male,45,2,1,Laboratory Technician,2,Divorced,2596,7160,1,No,15,3,1,2,1,2,3,1,0,0,0,27,1.0,0.0,0.0,0.0,1.3333333333333333,7.862112211662748,2596.0,0
50,1,Travel_Frequently,959,Sales,1,4,Other,1113,4,Male,81,3,2,Sales Executive,3,Single,4728,17251,3,Yes,14,3,4,0,5,4,3,0,0,0,0,45,0.0,0.0,0.0,0.0,3.6666666666666665,8.461469042643875,2364.0,3
33,0,Travel_Frequently,970,Sales,7,3,Life Sciences,1114,4,Female,30,3,2,Sales Executive,2,Married,4302,13401,0,No,17,3,3,1,4,3,3,3,2,0,2,29,0.75,0.6666666666666666,0.6666666666666666,0.0,3.0,8.3670677328386,2151.0,0
34,0,Non-Travel,697,Research & Development,3,4,Life Sciences,1115,3,Male,40,2,1,Research Scientist,4,Married,2979,22478,3,No,17,3,4,3,6,2,3,0,0,0,0,28,0.0,0.0,0.0,0.0,3.6666666666666665,7.9996785794994505,2979.0,0
48,0,Non-Travel,1262,Research & Development,1,4,Medical,1116,1,Male,35,4,4,Manager,4,Single,16885,16154,2,No,22,4,3,0,27,3,2,5,4,2,1,21,0.18518518518518517,0.8,0.2,0.4,2.6666666666666665,9.734240155229445,4221.25,0
45,0,Non-Travel,1050,Sales,9,4,Life Sciences,1117,2,Female,65,2,2,Sales Executive,3,Married,5593,17970,1,No,13,3,4,1,15,2,3,15,10,4,12,30,1.0,0.6666666666666666,0.8,0.26666666666666666,3.0,8.629449873761905,2796.5,0
52,0,Travel_Rarely,994,Research & Development,7,4,Life Sciences,1118,2,Male,87,3,3,Healthcare Representative,2,Single,10445,15322,7,No,19,3,4,0,18,4,3,8,6,4,0,34,0.4444444444444444,0.75,0.0,0.5,2.6666666666666665,9.253974408996244,3481.6666666666665,0
38,0,Travel_Rarely,770,Sales,10,4,Marketing,1119,3,Male,73,2,3,Sales Executive,3,Divorced,8740,5569,0,Yes,14,3,2,2,9,2,3,8,7,2,7,29,0.8888888888888888,0.875,0.875,0.25,2.6666666666666665,9.075779878580487,2913.3333333333335,2
29,0,Travel_Rarely,1107,Research & Development,28,4,Life Sciences,1120,3,Female,93,3,1,Research Scientist,4,Divorced,2514,26968,4,No,22,4,1,1,11,1,3,7,5,1,7,18,0.6363636363636364,0.7142857142857143,1.0,0.14285714285714285,2.6666666666666665,7.83002808253384,2514.0,0
28,0,Travel_Rarely,950,Research & Development,3,3,Medical,1121,4,Female,93,3,3,Manufacturing Director,2,Divorced,7655,8039,0,No,17,3,2,3,10,3,2,9,7,1,7,18,0.9,0.7777777777777778,0.7777777777777778,0.1111111111111111,2.6666666666666665,8.94324493313279,2551.6666666666665,0
46,0,Travel_Rarely,406,Sales,3,1,Marketing,1124,1,Male,52,3,4,Manager,3,Married,17465,15596,3,No,12,3,4,1,23,3,3,12,9,4,9,23,0.5217391304347826,0.75,0.75,0.3333333333333333,2.6666666666666665,9.768011412973678,4366.25,0
38,0,Travel_Rarely,130,Sales,2,2,Marketing,1125,4,Male,32,3,3,Sales Executive,2,Single,7351,20619,7,No,16,3,3,0,10,2,3,1,0,0,0,28,0.1,0.0,0.0,0.0,3.0,8.902727664035522,2450.3333333333335,0
43,0,Travel_Frequently,1082,Research & Development,27,3,Life Sciences,1126,3,Female,83,3,3,Manufacturing Director,1,Married,10820,11535,8,No,11,3,3,1,18,1,3,8,7,0,1,25,0.4444444444444444,0.875,0.125,0.0,2.3333333333333335,9.289243969571649,3606.6666666666665,0
39,1,Travel_Frequently,203,Research & Development,2,3,Life Sciences,1127,1,Male,84,3,4,Healthcare Representative,4,Divorced,12169,13547,7,No,11,3,4,3,21,4,3,18,7,11,5,18,0.8571428571428571,0.3888888888888889,0.2777777777777778,0.6111111111111112,3.0,9.406729185981574,3042.25,0
40,0,Travel_Rarely,1308,Research & Development,14,3,Medical,1128,3,Male,44,2,5,Research Director,3,Single,19626,17544,1,No,14,3,1,0,21,2,4,20,7,4,9,19,0.9523809523809523,0.35,0.45,0.2,2.3333333333333335,9.88466144828608,3925.2,0
21,0,Travel_Rarely,984,Research & Development,1,1,Technical Degree,1131,4,Female,70,2,1,Research Scientist,2,Single,2070,25326,1,Yes,11,3,3,0,2,6,4,2,2,2,2,19,1.0,1.0,1.0,1.0,3.0,7.635786861395585,2070.0,2
39,0,Non-Travel,439,Research & Development,9,3,Life Sciences,1132,3,Male,70,3,2,Laboratory Technician,2,Single,6782,8770,9,No,15,3,3,0,9,2,2,5,4,0,3,30,0.5555555555555556,0.8,0.6,0.0,2.6666666666666665,8.82217476094608,3391.0,0
36,0,Non-Travel,217,Research & Development,18,4,Life Sciences,1133,1,Male,78,3,2,Manufacturing Director,4,Single,7779,23238,2,No,20,4,1,0,18,0,3,11,9,0,9,18,0.6111111111111112,0.8181818181818182,0.8181818181818182,0.0,2.0,8.959311617172437,3889.5,0
31,0,Travel_Frequently,793,Sales,20,3,Life Sciences,1135,3,Male,67,4,1,Sales Representative,4,Married,2791,21981,0,No,12,3,1,1,3,4,3,2,2,2,2,28,0.6666666666666666,1.0,1.0,1.0,2.6666666666666665,7.934513463882263,2791.0,0
28,0,Travel_Rarely,1451,Research & Development,2,1,Life Sciences,1136,1,Male,67,2,1,Research Scientist,2,Married,3201,19911,0,No,17,3,1,0,6,2,1,5,3,0,4,22,0.8333333333333334,0.6,0.8,0.0,1.3333333333333333,8.07153089355666,3201.0,0
35,0,Travel_Frequently,1182,Sales,11,2,Marketing,1137,4,Male,54,3,2,Sales Executive,4,Divorced,4968,18500,1,No,11,3,4,1,5,3,3,5,2,0,2,30,1.0,0.4,0.4,0.0,4.0,8.51097389160232,2484.0,0
49,0,Travel_Rarely,174,Sales,8,4,Technical Degree,1138,4,Male,56,2,4,Sales Executive,2,Married,13120,11879,6,No,17,3,2,1,22,3,3,9,8,2,3,27,0.4090909090909091,0.8888888888888888,0.3333333333333333,0.2222222222222222,2.6666666666666665,9.481969279105716,3280.0,0
34,0,Travel_Frequently,1003,Research & Development,2,2,Life Sciences,1140,4,Male,95,3,2,Manufacturing Director,3,Single,4033,15834,2,No,11,3,4,0,5,3,2,3,2,0,2,29,0.6,0.6666666666666666,0.6666666666666666,0.0,3.6666666666666665,8.302513718514158,2016.5,0
29,0,Travel_Frequently,490,Research & Development,10,3,Life Sciences,1143,4,Female,61,3,1,Research Scientist,2,Divorced,3291,17940,0,No,14,3,4,2,8,2,2,7,5,1,1,21,0.875,0.7142857142857143,0.14285714285714285,0.14285714285714285,3.3333333333333335,8.09925056179696,3291.0,0
42,0,Travel_Rarely,188,Research & Development,29,3,Medical,1148,2,Male,56,1,2,Laboratory Technician,4,Single,4272,9558,4,No,19,3,1,0,16,3,3,1,0,0,0,26,0.0625,0.0,0.0,0.0,2.3333333333333335,8.360071435644025,2136.0,0
29,0,Travel_Rarely,718,Research & Development,8,1,Medical,1150,2,Male,79,2,2,Manufacturing Director,4,Married,5056,17689,1,Yes,15,3,3,1,10,2,2,10,7,1,2,19,1.0,0.7,0.2,0.1,3.0,8.528528701079983,2528.0,2
38,0,Travel_Rarely,433,Human Resources,1,3,Human Resources,1152,3,Male,37,4,1,Human Resources,3,Married,2844,6004,1,No,13,3,4,1,7,2,4,7,6,5,0,31,1.0,0.8571428571428571,0.0,0.7142857142857143,3.3333333333333335,7.953318346560431,2844.0,0
28,0,Travel_Frequently,773,Research & Development,6,3,Life Sciences,1154,3,Male,39,2,1,Research Scientist,3,Divorced,2703,22088,1,Yes,14,3,4,1,3,2,3,3,1,0,2,25,1.0,0.3333333333333333,0.6666666666666666,0.0,3.3333333333333335,7.902487437162855,2703.0,2
18,1,Non-Travel,247,Research & Development,8,1,Medical,1156,3,Male,80,3,1,Laboratory Technician,3,Single,1904,13556,1,No,12,3,4,0,0,0,3,0,0,0,0,18,0.0,0.0,0.0,0.0,3.3333333333333335,7.552237287560802,1904.0,0
33,1,Travel_Rarely,603,Sales,9,4,Marketing,1157,1,Female,77,3,2,Sales Executive,1,Single,8224,18385,0,Yes,17,3,1,0,6,3,3,5,2,0,3,27,0.8333333333333334,0.4,0.6,0.0,1.0,9.014933575633572,4112.0,3
41,0,Travel_Rarely,167,Research & Development,12,4,Life Sciences,1158,2,Male,46,3,1,Laboratory Technician,4,Married,4766,9051,3,Yes,11,3,1,1,6,4,3,1,0,0,0,35,0.16666666666666666,0.0,0.0,0.0,2.3333333333333335,8.469472455204826,4766.0,3
31,1,Travel_Frequently,874,Research & Development,15,3,Medical,1160,3,Male,72,3,1,Laboratory Technician,3,Married,2610,6233,1,No,12,3,3,1,2,5,2,2,2,2,2,29,1.0,1.0,1.0,1.0,3.0,7.8674885686991285,2610.0,0
37,0,Travel_Rarely,367,Research & Development,25,2,Medical,1161,3,Female,52,2,2,Healthcare Representative,4,Divorced,5731,17171,7,No,13,3,3,2,9,2,3,6,2,1,3,28,0.6666666666666666,0.3333333333333333,0.5,0.16666666666666666,3.3333333333333335,8.653819788948063,2865.5,0
27,0,Travel_Rarely,199,Research & Development,6,3,Life Sciences,1162,4,Male,55,2,1,Research Scientist,3,Married,2539,7950,1,No,13,3,3,1,4,0,3,4,2,2,2,23,1.0,0.5,0.5,0.5,3.3333333333333335,7.8399193600125825,2539.0,0
34,0,Travel_Rarely,1400,Sales,9,1,Life Sciences,1163,2,Female,70,3,2,Sales Executive,3,Married,5714,5829,1,No,20,4,1,0,6,3,2,6,5,1,3,28,1.0,0.8333333333333334,0.5,0.16666666666666666,2.0,8.65084957622891,2857.0,0
35,0,Travel_Rarely,528,Human Resources,8,4,Technical Degree,1164,3,Male,100,3,1,Human Resources,3,Single,4323,7108,1,No,17,3,2,0,6,2,1,5,4,1,4,29,0.8333333333333334,0.8,0.8,0.2,2.6666666666666665,8.371936178759098,4323.0,0
29,1,Travel_Rarely,408,Sales,23,1,Life Sciences,1165,4,Female,45,2,3,Sales Executive,1,Married,7336,11162,1,No,13,3,1,1,11,3,1,11,8,3,10,18,1.0,0.7272727272727273,0.9090909090909091,0.2727272727272727,2.0,8.900685318713995,2445.3333333333335,0
40,0,Travel_Frequently,593,Research & Development,9,4,Medical,1166,2,Female,88,3,3,Research Director,3,Single,13499,13782,9,No,17,3,3,0,20,3,2,18,7,2,13,20,0.9,0.3888888888888889,0.7222222222222222,0.1111111111111111,2.6666666666666665,9.51044496442652,4499.666666666667,0
42,1,Travel_Frequently,481,Sales,12,3,Life Sciences,1167,3,Male,44,3,4,Sales Executive,1,Single,13758,2447,0,Yes,12,3,2,0,22,2,2,21,9,13,14,20,0.9545454545454546,0.42857142857142855,0.6666666666666666,0.6190476190476191,2.0,9.529448434427817,3439.5,3
42,0,Travel_Rarely,647,Sales,4,4,Marketing,1171,2,Male,45,3,2,Sales Executive,1,Single,5155,2253,7,No,13,3,4,0,9,3,4,6,4,1,5,33,0.6666666666666666,0.6666666666666666,0.8333333333333334,0.16666666666666666,2.3333333333333335,8.547916364059079,2577.5,0
35,0,Travel_Rarely,982,Research & Development,1,4,Medical,1172,4,Male,58,2,1,Laboratory Technician,3,Married,2258,16340,6,No,12,3,2,1,10,2,3,8,0,1,7,25,0.8,0.0,0.875,0.125,3.0,7.7226775164680035,2258.0,0
24,0,Travel_Rarely,477,Research & Development,24,3,Medical,1173,4,Male,49,3,1,Laboratory Technician,2,Single,3597,6409,8,No,22,4,4,0,6,2,3,4,3,1,2,18,0.6666666666666666,0.75,0.5,0.25,3.3333333333333335,8.188133414510478,3597.0,0
28,1,Travel_Rarely,1485,Research & Development,12,1,Life Sciences,1175,3,Female,79,3,1,Laboratory Technician,4,Married,2515,22955,1,Yes,11,3,4,0,1,4,2,1,1,0,0,27,1.0,1.0,0.0,0.0,3.6666666666666665,7.830425617820331,2515.0,3
26,0,Travel_Rarely,1384,Research & Development,3,4,Medical,1177,1,Male,82,4,1,Laboratory Technician,4,Married,4420,13421,1,No,22,4,2,1,8,2,3,8,7,0,7,18,1.0,0.875,0.875,0.0,2.3333333333333335,8.394121193826242,4420.0,0
30,0,Travel_Rarely,852,Sales,10,3,Marketing,1179,3,Male,72,2,2,Sales Executive,3,Married,6578,2706,1,No,18,3,1,1,10,3,3,10,3,1,4,20,1.0,0.3,0.4,0.1,2.3333333333333335,8.791638037085997,3289.0,0
40,0,Travel_Frequently,902,Research & Development,26,2,Medical,1180,3,Female,92,2,2,Research Scientist,4,Married,4422,21203,3,Yes,13,3,4,1,16,3,1,1,1,0,0,24,0.0625,1.0,0.0,0.0,3.6666666666666665,8.394573477868327,2211.0,2
35,0,Travel_Rarely,819,Research & Development,2,3,Life Sciences,1182,3,Male,44,2,3,Manufacturing Director,2,Divorced,10274,19588,2,No,18,3,2,1,15,2,4,7,7,6,4,20,0.4666666666666667,1.0,0.5714285714285714,0.8571428571428571,2.3333333333333335,9.237469039364436,3424.6666666666665,0
34,0,Travel_Frequently,669,Research & Development,1,3,Medical,1184,4,Male,97,2,2,Healthcare Representative,1,Single,5343,25755,0,No,20,4,3,0,14,3,3,13,9,4,9,20,0.9285714285714286,0.6923076923076923,0.6923076923076923,0.3076923076923077,2.6666666666666665,8.583729715216482,2671.5,0
35,0,Travel_Frequently,636,Research & Development,4,4,Other,1185,4,Male,47,2,1,Laboratory Technician,4,Married,2376,26537,1,No,13,3,2,1,2,2,4,2,2,2,2,33,1.0,1.0,1.0,1.0,3.3333333333333335,7.773594467360194,2376.0,0
43,1,Travel_Rarely,1372,Sales,9,3,Marketing,1188,1,Female,85,1,2,Sales Executive,3,Single,5346,9489,8,No,13,3,2,0,7,2,2,4,3,1,3,36,0.5714285714285714,0.75,0.75,0.25,2.0,8.584290934948731,2673.0,0
32,0,Non-Travel,862,Sales,2,1,Life Sciences,1190,3,Female,76,3,1,Sales Representative,1,Divorced,2827,14947,1,No,12,3,3,3,1,3,3,1,0,0,0,31,1.0,0.0,0.0,0.0,2.3333333333333335,7.947325027016463,2827.0,0
56,0,Travel_Rarely,718,Research & Development,4,4,Technical Degree,1191,4,Female,92,3,5,Manager,1,Divorced,19943,18575,4,No,13,3,4,1,28,2,3,5,2,4,2,28,0.17857142857142858,0.4,0.4,0.8,3.0,9.900683625203394,3988.6,0
29,0,Travel_Rarely,1401,Research & Development,6,1,Medical,1192,2,Female,54,3,1,Laboratory Technician,4,Married,3131,26342,1,No,13,3,1,1,10,5,3,10,8,0,8,19,1.0,0.8,0.8,0.0,2.3333333333333335,8.049427057110695,3131.0,0
19,0,Travel_Rarely,645,Research & Development,9,2,Life Sciences,1193,3,Male,54,3,1,Research Scientist,1,Single,2552,7172,1,No,25,4,3,0,1,4,3,1,1,0,0,18,1.0,1.0,0.0,0.0,2.3333333333333335,7.845024417241484,2552.0,0
45,0,Travel_Rarely,1457,Research & Development,7,3,Medical,1195,1,Female,83,3,1,Research Scientist,3,Married,4477,20100,4,Yes,19,3,3,1,7,2,2,3,2,0,2,38,0.42857142857142855,0.6666666666666666,0.6666666666666666,0.0,2.3333333333333335,8.4069317971587,4477.0,3
37,0,Travel_Rarely,977,Research & Development,1,3,Life Sciences,1196,4,Female,56,2,2,Manufacturing Director,4,Married,6474,9961,1,No,13,3,2,1,14,2,2,14,8,3,11,23,1.0,0.5714285714285714,0.7857142857142857,0.21428571428571427,3.3333333333333335,8.775703886567738,3237.0,0
20,0,Travel_Rarely,805,Research & Development,3,3,Life Sciences,1198,1,Male,87,2,1,Laboratory Technician,3,Single,3033,12828,1,No,12,3,1,0,2,2,2,2,2,1,2,18,1.0,1.0,1.0,0.5,1.6666666666666667,8.017637159908478,3033.0,0
44,1,Travel_Rarely,1097,Research & Development,10,4,Life Sciences,1200,3,Male,96,3,1,Research Scientist,3,Single,2936,10826,1,Yes,11,3,3,0,6,4,3,6,4,0,2,38,1.0,0.6666666666666666,0.3333333333333333,0.0,3.0,7.98514393119862,2936.0,3
53,0,Travel_Rarely,1223,Research & Development,7,2,Medical,1201,4,Female,50,3,5,Manager,3,Divorced,18606,18640,3,No,18,3,2,1,26,6,3,7,7,4,7,27,0.2692307692307692,1.0,1.0,0.5714285714285714,3.0,9.831293132987641,3721.2,0
29,0,Travel_Rarely,942,Research & Development,15,1,Life Sciences,1202,2,Female,69,1,1,Research Scientist,4,Married,2168,26933,0,Yes,18,3,1,1,6,2,2,5,4,1,3,23,0.8333333333333334,0.8,0.6,0.2,2.3333333333333335,7.682021510826875,2168.0,1
22,1,Travel_Frequently,1256,Research & Development,3,4,Life Sciences,1203,3,Male,48,2,1,Research Scientist,4,Married,2853,4223,0,Yes,11,3,2,1,1,5,3,0,0,0,0,21,0.0,0.0,0.0,0.0,3.0,7.956476798036782,2853.0,2
46,0,Travel_Rarely,1402,Sales,2,3,Marketing,1204,3,Female,69,3,4,Manager,1,Married,17048,24097,8,No,23,4,1,0,28,2,3,26,15,15,9,18,0.9285714285714286,0.5769230769230769,0.34615384615384615,0.5769230769230769,1.6666666666666667,9.74384682996523,4262.0,0
44,0,Non-Travel,111,Research & Development,17,3,Life Sciences,1206,4,Male,74,1,1,Research Scientist,3,Single,2290,4279,2,No,13,3,4,0,6,3,3,0,0,0,0,38,0.0,0.0,0.0,0.0,3.6666666666666665,7.736743682453495,2290.0,0
33,0,Travel_Rarely,147,Human Resources,2,3,Human Resources,1207,2,Male,99,3,1,Human Resources,3,Married,3600,8429,1,No,13,3,4,1,5,2,3,5,4,1,4,28,1.0,0.8,0.8,0.2,3.0,8.188966863648876,3600.0,0
41,1,Non-Travel,906,Research & Development,5,2,Life Sciences,1210,1,Male,95,2,1,Research Scientist,1,Divorced,2107,20293,6,No,17,3,1,1,5,2,1,1,0,0,0,36,0.2,0.0,0.0,0.0,1.0,7.653494909661253,2107.0,0
30,0,Travel_Rarely,1329,Sales,29,4,Life Sciences,1211,3,Male,61,3,2,Sales Executive,1,Divorced,4115,13192,8,No,19,3,3,3,8,3,3,4,3,0,3,22,0.5,0.75,0.75,0.0,2.3333333333333335,8.32263709695394,2057.5,0
40,0,Travel_Frequently,1184,Sales,2,4,Medical,1212,2,Male,62,3,2,Sales Executive,2,Married,4327,25440,5,No,12,3,4,3,5,2,3,0,0,0,0,35,0.0,0.0,0.0,0.0,2.6666666666666665,8.372860820526318,2163.5,0
50,0,Travel_Frequently,1421,Research & Development,2,3,Medical,1215,4,Female,30,3,4,Manager,1,Married,17856,9490,2,No,22,4,3,1,32,3,3,2,2,2,2,18,0.0625,1.0,1.0,1.0,2.6666666666666665,9.790150867197125,4464.0,0
28,0,Travel_Rarely,1179,Research & Development,19,4,Medical,1216,4,Male,78,2,1,Laboratory Technician,1,Married,3196,12449,1,No,12,3,3,3,6,2,3,6,5,3,3,22,1.0,0.8333333333333334,0.5,0.5,2.6666666666666665,8.069968149059841,3196.0,0
46,0,Travel_Rarely,1450,Research & Development,15,2,Life Sciences,1217,4,Male,52,3,5,Research Director,2,Married,19081,10849,5,No,11,3,1,1,25,2,3,4,2,0,3,21,0.16,0.5,0.75,0.0,2.3333333333333335,9.856500761311791,3816.2,0
35,0,Travel_Rarely,1361,Sales,17,4,Life Sciences,1218,3,Male,94,3,2,Sales Executive,1,Married,8966,21026,3,Yes,15,3,4,3,15,2,3,7,7,1,7,20,0.4666666666666667,1.0,1.0,0.14285714285714285,2.6666666666666665,9.101306450952048,4483.0,3
24,1,Travel_Rarely,984,Research & Development,17,2,Life Sciences,1219,4,Female,97,3,1,Laboratory Technician,2,Married,2210,3372,1,No,13,3,1,1,1,3,1,1,0,0,0,23,1.0,0.0,0.0,0.0,2.3333333333333335,7.701200180857446,2210.0,0
33,0,Travel_Frequently,1146,Sales,25,3,Medical,1220,2,Female,82,3,2,Sales Executive,3,Married,4539,4905,1,No,12,3,1,1,10,3,2,10,7,0,1,23,1.0,0.7,0.1,0.0,2.0,8.420682291035394,2269.5,0
36,0,Travel_Rarely,917,Research & Development,6,4,Life Sciences,1221,3,Male,60,1,1,Laboratory Technician,3,Divorced,2741,6865,1,No,14,3,3,1,7,4,3,7,7,1,7,29,1.0,1.0,1.0,0.14285714285714285,3.0,7.91644286012226,2741.0,0
30,0,Travel_Rarely,853,Research & Development,7,4,Life Sciences,1224,3,Male,49,3,2,Laboratory Technician,3,Divorced,3491,11309,1,No,13,3,1,3,10,4,2,10,7,8,9,20,1.0,0.7,0.9,0.8,2.3333333333333335,8.158229916959494,1745.5,0
44,0,Travel_Rarely,200,Research & Development,29,4,Other,1225,4,Male,32,3,2,Research Scientist,4,Single,4541,7744,1,No,25,4,2,0,20,3,3,20,11,13,17,24,1.0,0.55,0.85,0.65,3.3333333333333335,8.421122722665503,2270.5,0
20,0,Travel_Rarely,654,Sales,21,3,Marketing,1226,3,Male,43,4,1,Sales Representative,4,Single,2678,5050,1,No,17,3,4,0,2,2,3,2,1,2,2,18,1.0,0.5,1.0,1.0,3.6666666666666665,7.893198869544609,2678.0,0
46,0,Travel_Rarely,150,Research & Development,2,4,Technical Degree,1228,4,Male,60,3,2,Manufacturing Director,4,Divorced,7379,17433,2,No,11,3,3,1,12,3,2,6,3,1,4,34,0.5,0.5,0.6666666666666666,0.16666666666666666,3.6666666666666665,8.906528917594517,3689.5,0
42,0,Non-Travel,179,Human Resources,2,5,Medical,1231,4,Male,79,4,2,Human Resources,1,Married,6272,12858,7,No,16,3,1,1,10,3,4,4,3,0,3,32,0.4,0.75,0.75,0.0,2.0,8.744009988096744,3136.0,0
60,0,Travel_Rarely,696,Sales,7,4,Marketing,1233,2,Male,52,4,2,Sales Executive,4,Divorced,5220,10893,0,Yes,18,3,2,1,12,3,3,11,7,1,9,48,0.9166666666666666,0.6363636363636364,0.8181818181818182,0.09090909090909091,2.6666666666666665,8.560444233410552,2610.0,4
32,0,Travel_Frequently,116,Research & Development,13,3,Other,1234,3,Female,77,2,1,Laboratory Technician,2,Married,2743,7331,1,No,20,4,3,1,2,2,3,2,2,2,2,30,1.0,1.0,1.0,1.0,2.6666666666666665,7.917171988845776,2743.0,0
32,0,Travel_Frequently,1316,Research & Development,2,2,Life Sciences,1235,4,Female,38,3,2,Research Scientist,3,Single,4998,2338,4,Yes,14,3,4,0,10,2,3,8,7,0,7,22,0.8,0.875,0.875,0.0,3.6666666666666665,8.51699317141357,2499.0,3
36,0,Travel_Rarely,363,Research & Development,1,3,Technical Degree,1237,3,Female,77,1,3,Manufacturing Director,1,Divorced,10252,4235,2,Yes,21,4,3,1,17,2,3,7,7,7,7,19,0.4117647058823529,1.0,1.0,1.0,2.3333333333333335,9.235325624670091,3417.3333333333335,1
33,0,Travel_Rarely,117,Research & Development,9,3,Medical,1238,1,Male,60,3,1,Research Scientist,4,Married,2781,6311,0,No,13,3,2,1,15,5,3,14,10,4,10,18,0.9333333333333333,0.7142857142857143,0.7142857142857143,0.2857142857142857,2.3333333333333335,7.930925372483388,2781.0,0
40,0,Travel_Rarely,107,Sales,10,3,Technical Degree,1239,2,Female,84,2,2,Sales Executive,2,Divorced,6852,11591,7,No,12,3,2,1,7,2,4,5,1,1,3,33,0.7142857142857143,0.2,0.6,0.2,2.0,8.832441791585824,3426.0,0
25,0,Travel_Rarely,1356,Sales,10,4,Life Sciences,1240,3,Male,57,3,2,Sales Executive,4,Single,4950,20623,0,No,14,3,2,0,5,4,3,4,3,1,1,20,0.8,0.75,0.25,0.25,3.0,8.507344855361422,2475.0,0
30,0,Travel_Rarely,1465,Research & Development,1,3,Medical,1241,4,Male,63,3,1,Research Scientist,2,Married,3579,9369,0,Yes,21,4,1,1,12,2,3,11,9,5,7,18,0.9166666666666666,0.8181818181818182,0.6363636363636364,0.45454545454545453,2.3333333333333335,8.183118079394745,3579.0,3
42,0,Travel_Frequently,458,Research & Development,26,5,Medical,1242,1,Female,60,3,3,Research Director,1,Married,13191,23281,3,Yes,17,3,3,0,20,6,3,1,0,0,0,22,0.05,0.0,0.0,0.0,1.6666666666666667,9.487365864239434,4397.0,3
35,0,Non-Travel,1212,Sales,8,2,Marketing,1243,3,Female,78,2,3,Sales Executive,4,Married,10377,13755,4,Yes,11,3,2,1,16,6,2,13,2,4,12,19,0.8125,0.15384615384615385,0.9230769230769231,0.3076923076923077,3.0,9.247443459927686,3459.0,2
27,0,Travel_Rarely,1103,Research & Development,14,3,Life Sciences,1244,1,Male,42,3,1,Research Scientist,1,Married,2235,14377,1,Yes,14,3,4,2,9,3,2,9,7,6,8,18,1.0,0.7777777777777778,0.8888888888888888,0.6666666666666666,2.0,7.71244383427499,2235.0,3
54,0,Travel_Frequently,966,Research & Development,1,4,Life Sciences,1245,4,Female,53,3,3,Manufacturing Director,3,Divorced,10502,9659,7,No,17,3,1,1,33,2,1,5,4,1,4,21,0.15151515151515152,0.8,0.8,0.2,2.6666666666666665,9.259416209622776,3500.6666666666665,0
44,0,Travel_Rarely,1117,Research & Development,2,1,Life Sciences,1246,1,Female,72,4,1,Research Scientist,4,Married,2011,19982,1,No,13,3,4,1,10,5,3,10,5,7,7,34,1.0,0.5,0.7,0.7,3.0,7.60688453121963,2011.0,0
19,1,Non-Travel,504,Research & Development,10,3,Medical,1248,1,Female,96,2,1,Research Scientist,2,Single,1859,6148,1,Yes,25,4,2,0,1,2,4,1,1,0,0,18,1.0,1.0,0.0,0.0,1.6666666666666667,7.528331766707247,1859.0,2
29,0,Travel_Rarely,1010,Research & Development,1,3,Life Sciences,1249,1,Female,97,3,1,Research Scientist,4,Divorced,3760,5598,1,No,15,3,1,3,3,5,3,3,2,1,2,26,1.0,0.6666666666666666,0.6666666666666666,0.3333333333333333,2.0,8.232440158470336,3760.0,0
54,0,Travel_Rarely,685,Research & Development,3,3,Life Sciences,1250,4,Male,85,3,4,Research Director,4,Married,17779,23474,3,No,14,3,1,0,36,2,3,10,9,0,9,18,0.2777777777777778,0.9,0.9,0.0,3.0,9.785829509067895,4444.75,0
31,0,Travel_Rarely,1332,Research & Development,11,2,Medical,1251,3,Male,80,3,2,Healthcare Representative,1,Married,6833,17089,1,Yes,12,3,4,0,6,2,2,6,5,0,1,25,1.0,0.8333333333333334,0.16666666666666666,0.0,2.6666666666666665,8.829665432675236,3416.5,3
31,0,Travel_Rarely,1062,Research & Development,24,3,Medical,1252,3,Female,96,2,2,Healthcare Representative,1,Single,6812,17198,1,No,19,3,2,0,10,2,3,10,9,1,8,21,1.0,0.9,0.8,0.1,2.0,8.826587830773668,3406.0,0
59,0,Travel_Rarely,326,Sales,3,3,Life Sciences,1254,3,Female,48,2,2,Sales Executive,4,Single,5171,16490,5,No,17,3,4,0,13,2,3,6,1,0,5,46,0.46153846153846156,0.16666666666666666,0.8333333333333334,0.0,3.6666666666666665,8.551014739891748,2585.5,0
43,0,Travel_Rarely,920,Research & Development,3,3,Life Sciences,1255,3,Male,96,1,5,Research Director,4,Married,19740,18625,3,No,14,3,2,1,25,2,3,8,7,0,7,18,0.32,0.875,0.875,0.0,3.0,9.890452970265668,3948.0,0
49,0,Travel_Rarely,1098,Research & Development,4,2,Medical,1256,1,Male,85,2,5,Manager,3,Married,18711,12124,2,No,13,3,3,1,23,2,4,1,0,0,0,26,0.043478260869565216,0.0,0.0,0.0,2.3333333333333335,9.836920308264014,3742.2,0
36,0,Travel_Frequently,469,Research & Development,3,3,Technical Degree,1257,3,Male,46,3,1,Research Scientist,2,Married,3692,9256,1,No,12,3,3,0,12,2,2,11,10,0,7,24,0.9166666666666666,0.9090909090909091,0.6363636363636364,0.0,2.6666666666666665,8.214194414852564,3692.0,0
48,0,Travel_Rarely,969,Research & Development,2,2,Technical Degree,1258,4,Male,76,4,1,Laboratory Technician,2,Single,2559,16620,5,No,11,3,3,0,7,4,2,1,0,0,0,41,0.14285714285714285,0.0,0.0,0.0,3.0,7.847762537473608,2559.0,0
27,0,Travel_Rarely,1167,Research & Development,4,2,Life Sciences,1259,1,Male,76,3,1,Research Scientist,3,Divorced,2517,3208,1,No,11,3,2,3,5,2,3,5,3,0,3,22,1.0,0.6,0.6,0.0,2.0,7.831220214604293,2517.0,0
29,0,Travel_Rarely,1329,Research & Development,7,3,Life Sciences,1260,3,Male,82,3,2,Healthcare Representative,4,Divorced,6623,4204,1,Yes,11,3,2,2,6,2,3,6,0,1,0,23,1.0,0.0,0.0,0.16666666666666666,3.0,8.798454696065095,3311.5,3
48,0,Travel_Rarely,715,Research & Development,1,3,Life Sciences,1263,4,Male,76,2,5,Research Director,4,Single,18265,8733,6,No,12,3,3,0,25,3,4,1,0,0,0,23,0.04,0.0,0.0,0.0,3.6666666666666665,9.812796687251625,3653.0,0
29,0,Travel_Rarely,694,Research & Development,1,3,Life Sciences,1264,4,Female,87,2,4,Research Director,4,Divorced,16124,3423,3,No,14,3,2,2,9,2,2,7,7,1,7,20,0.7777777777777778,1.0,1.0,0.14285714285714285,3.3333333333333335,9.688126141663973,4031.0,0
34,0,Travel_Rarely,1320,Research & Development,20,3,Technical Degree,1265,3,Female,89,4,1,Research Scientist,3,Married,2585,21643,0,No,17,3,4,0,2,5,2,1,0,0,0,32,0.5,0.0,0.0,0.0,3.3333333333333335,7.857867559331803,2585.0,0
44,0,Travel_Rarely,1099,Sales,5,3,Marketing,1267,2,Male,88,3,5,Manager,2,Married,18213,8751,7,No,11,3,3,1,26,5,3,22,9,3,10,18,0.8461538461538461,0.4090909090909091,0.45454545454545453,0.13636363636363635,2.3333333333333335,9.809945808127765,3642.6,0
33,0,Travel_Rarely,536,Sales,10,5,Marketing,1268,4,Male,82,4,3,Sales Executive,3,Divorced,8380,21708,0,Yes,14,3,4,2,10,3,3,9,8,0,8,23,0.9,0.8888888888888888,0.8888888888888888,0.0,3.6666666666666665,9.033722518098907,2793.3333333333335,4
19,0,Travel_Rarely,265,Research & Development,25,3,Life Sciences,1269,2,Female,57,4,1,Research Scientist,4,Single,2994,21221,1,Yes,12,3,4,0,1,2,3,1,0,0,1,18,1.0,0.0,1.0,0.0,3.3333333333333335,8.00469951054955,2994.0,4
23,0,Travel_Rarely,373,Research & Development,1,2,Life Sciences,1270,4,Male,47,3,1,Research Scientist,3,Married,1223,16901,1,No,22,4,4,1,1,2,3,1,0,0,1,22,1.0,0.0,1.0,0.0,3.6666666666666665,7.1098794630722715,1223.0,0
25,1,Travel_Frequently,599,Sales,24,1,Life Sciences,1273,3,Male,73,1,1,Sales Representative,4,Single,1118,8040,1,Yes,14,3,4,0,1,4,3,1,0,1,0,24,1.0,0.0,0.0,1.0,3.6666666666666665,7.020190708311925,1118.0,1
26,0,Travel_Rarely,583,Research & Development,4,2,Life Sciences,1275,3,Male,53,3,1,Research Scientist,4,Single,2875,9973,1,Yes,20,4,2,0,8,2,2,8,5,2,2,18,1.0,0.625,0.25,0.25,3.0,7.964155718840937,2875.0,3
45,1,Travel_Rarely,1449,Sales,2,3,Marketing,1277,1,Female,94,1,5,Manager,2,Single,18824,2493,2,Yes,16,3,1,0,26,2,3,24,10,1,11,19,0.9230769230769231,0.4166666666666667,0.4583333333333333,0.041666666666666664,1.3333333333333333,9.842941052668094,3764.8,1
55,0,Non-Travel,177,Research & Development,8,1,Medical,1278,4,Male,37,2,4,Healthcare Representative,2,Divorced,13577,25592,1,Yes,15,3,4,1,34,3,3,33,9,15,0,21,0.9705882352941176,0.2727272727272727,0.0,0.45454545454545453,3.3333333333333335,9.516206114861593,3394.25,2
21,1,Travel_Frequently,251,Research & Development,10,2,Life Sciences,1279,1,Female,45,2,1,Laboratory Technician,3,Single,2625,25308,1,No,20,4,3,0,2,2,1,2,2,2,2,19,1.0,1.0,1.0,1.0,2.3333333333333335,7.873217054862741,2625.0,0
46,0,Travel_Rarely,168,Sales,4,2,Marketing,1280,4,Female,33,2,5,Manager,2,Married,18789,9946,2,No,14,3,3,1,26,2,3,11,4,0,8,20,0.4230769230769231,0.36363636363636365,0.7272727272727273,0.0,3.0,9.84108009240751,3757.8,0
34,0,Travel_Rarely,131,Sales,2,3,Marketing,1281,3,Female,86,3,2,Sales Executive,1,Single,4538,6039,0,Yes,12,3,4,0,4,3,3,3,2,0,2,30,0.75,0.6666666666666666,0.6666666666666666,0.0,2.6666666666666665,8.420462002456466,2269.0,3
51,0,Travel_Frequently,237,Sales,9,3,Life Sciences,1282,4,Male,83,3,5,Manager,2,Divorced,19847,19196,4,Yes,24,4,1,1,31,5,2,29,10,11,10,20,0.9354838709677419,0.3448275862068966,0.3448275862068966,0.3793103448275862,2.3333333333333335,9.895858525371636,3969.4,3
59,0,Travel_Rarely,1429,Research & Development,18,4,Medical,1283,4,Male,67,3,3,Manufacturing Director,4,Single,10512,20002,6,No,12,3,4,0,25,6,2,9,7,5,4,34,0.36,0.7777777777777778,0.4444444444444444,0.5555555555555556,4.0,9.26036786557583,3504.0,0
34,0,Travel_Frequently,135,Research & Development,19,3,Medical,1285,3,Female,46,3,2,Laboratory Technician,2,Divorced,4444,22534,4,No,13,3,3,2,15,2,4,11,8,5,10,19,0.7333333333333333,0.7272727272727273,0.9090909090909091,0.45454545454545453,2.6666666666666665,8.399535147948004,2222.0,0
28,0,Travel_Frequently,791,Research & Development,1,4,Medical,1286,4,Male,44,3,1,Laboratory Technician,3,Single,2154,6842,0,Yes,11,3,3,0,5,2,2,4,2,0,2,23,0.8,0.5,0.5,0.0,3.3333333333333335,7.675546002537848,2154.0,3
44,0,Travel_Rarely,1199,Research & Development,4,2,Life Sciences,1288,3,Male,92,4,5,Manager,1,Divorced,19190,17477,1,No,14,3,4,2,26,4,2,25,9,14,13,18,0.9615384615384616,0.36,0.52,0.56,2.6666666666666665,9.862196698118247,3838.0,0
34,0,Travel_Frequently,648,Human Resources,11,3,Life Sciences,1289,3,Male,56,2,2,Human Resources,2,Married,4490,21833,4,No,11,3,4,2,14,5,4,10,9,1,8,20,0.7142857142857143,0.9,0.8,0.1,3.0,8.409830673087738,2245.0,0
35,0,Travel_Rarely,735,Research & Development,6,1,Life Sciences,1291,3,Male,66,3,1,Research Scientist,3,Married,3506,6020,0,Yes,14,3,4,0,4,3,3,3,2,2,2,31,0.75,0.6666666666666666,0.6666666666666666,0.6666666666666666,3.3333333333333335,8.162516250140179,3506.0,3
42,0,Travel_Rarely,603,Research & Development,7,4,Medical,1292,2,Female,78,4,2,Research Scientist,2,Married,2372,5628,6,Yes,16,3,4,0,18,2,3,1,0,0,0,24,0.05555555555555555,0.0,0.0,0.0,2.6666666666666665,7.771910256435763,1186.0,4
43,0,Travel_Rarely,531,Sales,4,4,Marketing,1293,4,Female,56,2,3,Sales Executive,4,Single,10231,20364,3,No,14,3,4,0,23,3,4,21,7,15,17,20,0.9130434782608695,0.3333333333333333,0.8095238095238095,0.7142857142857143,4.0,9.23327534325868,3410.3333333333335,0
36,0,Travel_Rarely,429,Research & Development,2,4,Life Sciences,1294,3,Female,53,3,2,Manufacturing Director,2,Single,5410,2323,9,Yes,11,3,4,0,18,2,3,16,14,5,12,18,0.8888888888888888,0.875,0.75,0.3125,3.0,8.596189197642735,2705.0,3
44,1,Travel_Rarely,621,Research & Development,15,3,Medical,1295,1,Female,73,3,3,Healthcare Representative,4,Married,7978,14075,1,No,11,3,4,1,10,2,3,10,7,0,5,34,1.0,0.7,0.5,0.0,3.0,8.984568369308281,2659.3333333333335,0
28,0,Travel_Frequently,193,Research & Development,2,3,Life Sciences,1296,4,Male,52,2,1,Laboratory Technician,4,Married,3867,14222,1,Yes,12,3,2,1,2,2,3,2,2,2,2,26,1.0,1.0,1.0,1.0,3.3333333333333335,8.260492856573185,3867.0,2
51,0,Travel_Frequently,968,Research & Development,6,2,Medical,1297,2,Female,40,2,1,Laboratory Technician,3,Single,2838,4257,0,No,14,3,2,0,8,6,2,7,0,7,7,43,0.875,0.0,1.0,1.0,2.3333333333333335,7.951207156472972,2838.0,0
30,0,Non-Travel,879,Research & Development,9,2,Medical,1298,3,Female,72,3,2,Manufacturing Director,3,Single,4695,12858,7,Yes,18,3,3,0,10,3,3,8,4,1,7,20,0.8,0.5,0.875,0.125,3.0,8.454466361507933,2347.5,3
29,1,Travel_Rarely,806,Research & Development,7,3,Technical Degree,1299,2,Female,39,3,1,Laboratory Technician,3,Divorced,3339,17285,3,Yes,13,3,1,2,10,2,3,7,7,7,7,19,0.7,1.0,1.0,1.0,2.0,8.113726085970747,3339.0,3
28,0,Travel_Rarely,640,Research & Development,1,3,Technical Degree,1301,4,Male,84,3,1,Research Scientist,1,Single,2080,4732,2,No,11,3,2,0,5,2,2,3,2,1,2,23,0.6,0.6666666666666666,0.6666666666666666,0.3333333333333333,2.3333333333333335,7.640603826393634,2080.0,0
25,0,Travel_Rarely,266,Research & Development,1,3,Medical,1303,4,Female,40,3,1,Research Scientist,2,Single,2096,18830,1,No,18,3,4,0,2,3,2,2,2,2,1,23,1.0,1.0,0.5,1.0,3.3333333333333335,7.64826303090192,2096.0,0
32,0,Travel_Rarely,604,Sales,8,3,Medical,1304,3,Male,56,4,2,Sales Executive,4,Married,6209,11693,1,No,15,3,3,2,10,4,4,10,7,0,8,22,1.0,0.7,0.8,0.0,3.3333333333333335,8.733916174927524,3104.5,0
45,0,Travel_Frequently,364,Research & Development,25,3,Medical,1306,2,Female,83,3,5,Manager,2,Single,18061,13035,3,No,22,4,3,0,22,4,3,0,0,0,0,23,0.0,0.0,0.0,0.0,2.3333333333333335,9.801565562810744,3612.2,0
39,0,Travel_Rarely,412,Research & Development,13,4,Medical,1307,3,Female,94,2,4,Manager,2,Divorced,17123,17334,6,Yes,13,3,4,2,21,4,3,19,9,15,2,18,0.9047619047619048,0.47368421052631576,0.10526315789473684,0.7894736842105263,3.0,9.748236267264836,4280.75,2
58,0,Travel_Rarely,848,Research & Development,23,4,Life Sciences,1308,1,Male,88,3,1,Research Scientist,3,Divorced,2372,26076,1,No,12,3,4,2,2,3,3,2,2,2,2,56,1.0,1.0,1.0,1.0,2.6666666666666665,7.771910256435763,2372.0,0
32,1,Travel_Rarely,1089,Research & Development,7,2,Life Sciences,1309,4,Male,79,3,2,Laboratory Technician,3,Married,4883,22845,1,No,18,3,1,1,10,3,3,10,4,1,1,22,1.0,0.4,0.1,0.1,2.6666666666666665,8.493719835230594,2441.5,0
39,1,Travel_Rarely,360,Research & Development,23,3,Medical,1310,3,Male,93,3,1,Research Scientist,1,Single,3904,22154,0,No,13,3,1,0,6,2,3,5,2,0,3,33,0.8333333333333334,0.4,0.6,0.0,1.6666666666666667,8.270013062273787,3904.0,0
30,0,Travel_Rarely,1138,Research & Development,6,3,Technical Degree,1311,1,Female,48,2,2,Laboratory Technician,4,Married,4627,23631,0,No,12,3,1,1,10,6,3,9,2,6,7,20,0.9,0.2222222222222222,0.7777777777777778,0.6666666666666666,2.0,8.439880088313567,2313.5,0
36,0,Travel_Rarely,325,Research & Development,10,4,Technical Degree,1312,4,Female,63,3,3,Healthcare Representative,3,Married,7094,5747,3,No,12,3,1,0,10,0,3,7,7,1,7,26,0.7,1.0,1.0,0.14285714285714285,2.6666666666666665,8.867145589594143,2364.6666666666665,0
46,0,Travel_Rarely,991,Human Resources,1,2,Life Sciences,1314,4,Female,44,3,1,Human Resources,1,Single,3423,22957,6,No,12,3,3,0,10,3,4,7,6,5,7,36,0.7,0.8571428571428571,1.0,0.7142857142857143,2.6666666666666665,8.138564737261632,3423.0,0
28,0,Non-Travel,1476,Research & Development,1,3,Life Sciences,1315,3,Female,55,1,2,Laboratory Technician,4,Married,6674,16392,0,No,11,3,1,3,10,6,3,9,8,7,5,18,0.9,0.8888888888888888,0.5555555555555556,0.7777777777777778,2.6666666666666665,8.80612448326845,3337.0,0
50,0,Travel_Rarely,1322,Research & Development,28,3,Life Sciences,1317,4,Female,43,3,4,Research Director,1,Married,16880,22422,4,Yes,11,3,2,0,25,2,3,3,2,1,2,25,0.12,0.6666666666666666,0.6666666666666666,0.3333333333333333,2.3333333333333335,9.733944008101389,4220.0,3
40,1,Travel_Rarely,299,Sales,25,4,Marketing,1318,4,Male,57,2,3,Sales Executive,2,Single,9094,17235,2,Yes,12,3,3,0,9,2,3,5,4,1,0,31,0.5555555555555556,0.8,0.0,0.2,3.0,9.115480090952223,3031.3333333333335,2
52,1,Travel_Rarely,1030,Sales,5,3,Life Sciences,1319,2,Male,64,3,3,Sales Executive,2,Single,8446,21534,9,Yes,19,3,3,0,10,2,2,8,7,7,7,42,0.8,0.875,0.875,0.875,2.3333333333333335,9.041566627727496,2815.3333333333335,3
30,0,Travel_Rarely,634,Research & Development,17,4,Medical,1321,2,Female,95,3,3,Manager,1,Married,11916,25927,1,Yes,23,4,4,2,9,2,3,9,1,0,8,21,1.0,0.1111111111111111,0.8888888888888888,0.0,2.3333333333333335,9.385721231090805,3972.0,3
39,0,Travel_Rarely,524,Research & Development,18,2,Life Sciences,1322,1,Male,32,3,2,Manufacturing Director,3,Single,4534,13352,0,No,11,3,1,0,9,6,3,8,7,1,7,30,0.8888888888888888,0.875,0.875,0.125,1.6666666666666667,8.419580362549237,2267.0,0
31,0,Non-Travel,587,Sales,2,4,Life Sciences,1324,4,Female,57,3,3,Sales Executive,3,Divorced,9852,8935,1,Yes,19,3,1,1,10,5,2,10,8,9,6,21,1.0,0.8,0.6,0.9,2.6666666666666665,9.195531256322475,3284.0,3
41,0,Non-Travel,256,Sales,10,2,Medical,1329,3,Male,40,1,2,Sales Executive,2,Single,6151,22074,1,No,13,3,1,0,19,4,3,19,2,11,9,22,1.0,0.10526315789473684,0.47368421052631576,0.5789473684210527,2.0,8.72453251118548,3075.5,0
31,1,Travel_Frequently,1060,Sales,1,3,Life Sciences,1331,4,Female,54,3,1,Sales Representative,2,Single,2302,8319,1,Yes,11,3,1,0,3,2,4,3,2,2,2,28,1.0,0.6666666666666666,0.6666666666666666,0.6666666666666666,2.3333333333333335,7.741967899820685,2302.0,3
44,1,Travel_Rarely,935,Research & Development,3,3,Life Sciences,1333,1,Male,89,3,1,Laboratory Technician,1,Married,2362,14669,4,No,12,3,3,0,10,4,4,3,2,1,2,34,0.3,0.6666666666666666,0.6666666666666666,0.3333333333333333,1.6666666666666667,7.767687277186908,2362.0,0
42,0,Non-Travel,495,Research & Development,2,1,Life Sciences,1334,3,Male,37,3,4,Manager,3,Married,17861,26582,0,Yes,13,3,4,0,21,3,2,20,8,2,10,21,0.9523809523809523,0.4,0.5,0.1,3.3333333333333335,9.790430830243832,4465.25,3
55,0,Travel_Rarely,282,Research & Development,2,2,Medical,1336,4,Female,58,1,5,Manager,3,Married,19187,6992,4,No,14,3,4,1,23,5,3,19,9,9,11,32,0.8260869565217391,0.47368421052631576,0.5789473684210527,0.47368421052631576,3.6666666666666665,9.862040362621954,3837.4,0
56,0,Travel_Rarely,206,Human Resources,8,4,Life Sciences,1338,4,Male,99,3,5,Manager,2,Single,19717,4022,6,No,14,3,1,0,36,4,3,7,3,7,7,20,0.19444444444444445,0.42857142857142855,1.0,1.0,2.3333333333333335,9.889287203134987,3943.4,0
40,0,Non-Travel,458,Research & Development,16,2,Life Sciences,1340,3,Male,74,3,1,Research Scientist,3,Divorced,3544,8532,9,No,16,3,2,1,6,0,3,4,2,0,0,34,0.6666666666666666,0.5,0.0,0.0,2.6666666666666665,8.173293438966228,3544.0,0
34,0,Travel_Rarely,943,Research & Development,9,3,Life Sciences,1344,4,Male,86,3,3,Healthcare Representative,4,Divorced,8500,5494,0,No,11,3,4,1,10,0,2,9,7,1,6,24,0.9,0.7777777777777778,0.6666666666666666,0.1111111111111111,4.0,9.04793908261736,2833.3333333333335,0
40,0,Travel_Rarely,523,Research & Development,2,3,Life Sciences,1346,3,Male,98,3,2,Research Scientist,4,Single,4661,22455,1,No,13,3,3,0,9,4,3,9,8,8,8,31,1.0,0.8888888888888888,0.8888888888888888,0.8888888888888888,3.3333333333333335,8.447199819595703,2330.5,0
41,0,Travel_Frequently,1018,Sales,1,3,Marketing,1349,3,Female,66,3,2,Sales Executive,1,Divorced,4103,4297,0,No,17,3,4,1,10,2,3,9,3,1,7,31,0.9,0.3333333333333333,0.7777777777777778,0.1111111111111111,2.6666666666666665,8.319717386850606,2051.5,0
35,0,Travel_Frequently,482,Research & Development,4,4,Life Sciences,1350,3,Male,87,3,2,Research Scientist,3,Single,4249,2690,1,Yes,11,3,2,0,9,3,3,9,6,1,1,26,1.0,0.6666666666666666,0.1111111111111111,0.1111111111111111,2.6666666666666665,8.354674261918463,2124.5,3
51,0,Travel_Rarely,770,Human Resources,5,3,Life Sciences,1352,3,Male,84,3,4,Manager,2,Divorced,14026,17588,1,Yes,11,3,2,1,33,2,3,33,9,0,10,18,1.0,0.2727272727272727,0.30303030303030304,0.0,2.3333333333333335,9.54873932271967,3506.5,3
38,0,Travel_Rarely,1009,Sales,2,2,Life Sciences,1355,2,Female,31,3,2,Sales Executive,1,Divorced,6893,19461,3,No,15,3,4,1,11,3,3,7,7,1,7,27,0.6363636363636364,1.0,1.0,0.14285714285714285,2.3333333333333335,8.83840674707681,3446.5,0
34,0,Travel_Rarely,507,Sales,15,2,Medical,1356,3,Female,66,3,2,Sales Executive,1,Single,6125,23553,1,No,12,3,4,0,10,6,4,10,8,9,6,24,1.0,0.8,0.6,0.9,2.6666666666666665,8.72029728739272,3062.5,0
25,0,Travel_Rarely,882,Research & Development,19,1,Medical,1358,4,Male,67,3,1,Laboratory Technician,4,Married,3669,9075,3,No,11,3,3,3,7,6,2,3,2,1,2,18,0.42857142857142855,0.6666666666666666,0.6666666666666666,0.3333333333333333,3.6666666666666665,8.207946941048617,3669.0,0
58,1,Travel_Rarely,601,Research & Development,7,4,Medical,1360,3,Female,53,2,3,Manufacturing Director,1,Married,10008,12023,7,Yes,14,3,4,0,31,0,2,10,9,5,9,27,0.3225806451612903,0.9,0.9,0.5,2.6666666666666665,9.211239967219019,3336.0,2
40,0,Travel_Rarely,329,Research & Development,1,4,Life Sciences,1361,2,Male,88,3,1,Laboratory Technician,2,Married,2387,6762,3,No,22,4,3,1,7,3,3,4,2,0,3,33,0.5714285714285714,0.5,0.75,0.0,2.3333333333333335,7.778211474512493,2387.0,0
36,0,Travel_Frequently,607,Sales,7,3,Marketing,1362,1,Female,83,4,2,Sales Executive,1,Married,4639,2261,2,No,16,3,4,1,17,2,2,15,7,6,13,19,0.8823529411764706,0.4666666666666667,0.8666666666666667,0.4,2.0,8.442469645220301,2319.5,0
48,0,Travel_Rarely,855,Research & Development,4,3,Life Sciences,1363,4,Male,54,3,3,Manufacturing Director,4,Single,7898,18706,1,No,11,3,3,0,11,2,3,10,9,0,8,37,0.9090909090909091,0.9,0.8,0.0,3.6666666666666665,8.97449144816442,2632.6666666666665,0
27,0,Travel_Rarely,1291,Sales,11,3,Medical,1364,3,Female,98,4,1,Sales Representative,4,Married,2534,6527,8,No,14,3,2,1,5,4,3,1,0,0,0,22,0.2,0.0,0.0,0.0,3.0,7.837948916025283,2534.0,0
51,0,Travel_Rarely,1405,Research & Development,11,2,Technical Degree,1367,4,Female,82,2,4,Manufacturing Director,2,Single,13142,24439,3,No,16,3,2,0,29,1,2,5,2,0,3,22,0.1724137931034483,0.4,0.6,0.0,2.6666666666666665,9.483644576482009,3285.5,0
18,0,Non-Travel,1124,Research & Development,1,3,Life Sciences,1368,4,Female,97,3,1,Laboratory Technician,4,Single,1611,19305,1,No,15,3,3,0,0,5,4,0,0,0,0,18,0.0,0.0,0.0,0.0,3.6666666666666665,7.385230923066573,1611.0,0
35,0,Travel_Rarely,817,Research & Development,1,3,Medical,1369,4,Female,60,2,2,Laboratory Technician,4,Married,5363,10846,0,No,12,3,2,1,10,0,3,9,7,0,0,25,0.9,0.7777777777777778,0.0,0.0,3.3333333333333335,8.587465244401569,2681.5,0
27,0,Travel_Frequently,793,Sales,2,1,Life Sciences,1371,4,Male,43,1,2,Sales Executive,4,Single,5071,20392,3,No,20,4,2,0,8,3,3,6,2,0,0,19,0.75,0.3333333333333333,0.0,0.0,3.3333333333333335,8.531490496117062,2535.5,0
55,1,Travel_Rarely,267,Sales,13,4,Marketing,1372,1,Male,85,4,4,Sales Executive,3,Single,13695,9277,6,Yes,17,3,3,0,24,2,2,19,7,3,8,31,0.7916666666666666,0.3684210526315789,0.42105263157894735,0.15789473684210525,2.3333333333333335,9.524859098381523,3423.75,4
56,0,Travel_Rarely,1369,Research & Development,23,3,Life Sciences,1373,4,Male,68,3,4,Manufacturing Director,2,Married,13402,18235,4,Yes,12,3,1,1,33,0,3,19,16,15,9,23,0.5757575757575758,0.8421052631578947,0.47368421052631576,0.7894736842105263,2.3333333333333335,9.503233841478497,3350.5,3
34,0,Non-Travel,999,Research & Development,26,1,Technical Degree,1374,1,Female,92,2,1,Research Scientist,3,Divorced,2029,15891,1,No,20,4,3,3,5,2,3,5,4,0,0,29,1.0,0.8,0.0,0.0,2.3333333333333335,7.615791072035833,2029.0,0
40,0,Travel_Rarely,1202,Research & Development,2,1,Medical,1375,2,Female,89,4,2,Healthcare Representative,3,Divorced,6377,13888,5,No,20,4,2,3,15,0,3,12,11,11,8,25,0.8,0.9166666666666666,0.6666666666666666,0.9166666666666666,2.3333333333333335,8.760609847570002,3188.5,0
34,0,Travel_Rarely,285,Research & Development,29,3,Medical,1377,2,Male,86,3,2,Laboratory Technician,3,Married,5429,17491,4,No,13,3,1,2,10,1,3,8,7,7,7,24,0.8,0.875,0.875,0.875,2.0,8.599694412927981,2714.5,0
31,1,Travel_Frequently,703,Sales,2,3,Life Sciences,1379,3,Female,90,2,1,Sales Representative,4,Single,2785,11882,7,No,14,3,3,0,3,3,4,1,0,0,0,28,0.3333333333333333,0.0,0.0,0.0,3.3333333333333335,7.932362154339751,2785.0,0
35,1,Travel_Frequently,662,Sales,18,4,Marketing,1380,4,Female,67,3,2,Sales Executive,3,Married,4614,23288,0,Yes,18,3,3,1,5,0,2,4,2,3,2,30,0.8,0.5,0.5,0.75,3.3333333333333335,8.437067146936952,2307.0,3
38,0,Travel_Frequently,693,Research & Development,7,3,Life Sciences,1382,4,Male,57,4,1,Research Scientist,3,Divorced,2610,15748,1,No,11,3,4,3,4,2,3,4,2,0,3,34,1.0,0.5,0.75,0.0,3.6666666666666665,7.8674885686991285,2610.0,0
34,0,Travel_Rarely,404,Research & Development,2,4,Technical Degree,1383,3,Female,98,3,2,Healthcare Representative,4,Single,6687,6163,1,No,11,3,4,0,14,2,4,14,11,4,11,20,1.0,0.7857142857142857,0.7857142857142857,0.2857142857142857,3.6666666666666665,8.808070154764538,3343.5,0
28,0,Travel_Rarely,736,Sales,26,3,Life Sciences,1387,3,Male,48,2,2,Sales Executive,1,Married,4724,24232,1,No,11,3,3,1,5,0,3,5,3,0,4,23,1.0,0.6,0.8,0.0,2.3333333333333335,8.460622839927844,2362.0,0
31,1,Travel_Rarely,330,Research & Development,22,4,Medical,1389,4,Male,98,3,2,Manufacturing Director,3,Married,6179,21057,1,Yes,15,3,4,2,10,3,2,10,2,6,7,21,1.0,0.2,0.7,0.6,3.6666666666666665,8.729073550451737,3089.5,3
39,0,Travel_Rarely,1498,Sales,21,4,Life Sciences,1390,1,Male,44,2,2,Sales Executive,4,Married,6120,3567,3,Yes,12,3,4,2,8,2,4,5,4,1,4,31,0.625,0.8,0.8,0.2,3.0,8.71948076085107,3060.0,2
51,0,Travel_Frequently,541,Sales,2,3,Marketing,1391,2,Male,52,3,3,Sales Executive,2,Married,10596,15395,2,No,11,3,2,0,14,5,3,4,2,3,2,37,0.2857142857142857,0.5,0.5,0.75,2.0,9.268326221174837,3532.0,0
41,0,Travel_Frequently,1200,Research & Development,22,3,Life Sciences,1392,4,Female,75,3,2,Research Scientist,4,Divorced,5467,13953,3,Yes,14,3,1,2,12,4,2,6,2,3,3,29,0.5,0.3333333333333333,0.5,0.5,3.0,8.60666819784384,2733.5,3
37,0,Travel_Rarely,1439,Research & Development,4,1,Life Sciences,1394,3,Male,54,3,1,Research Scientist,3,Married,2996,5182,7,Yes,15,3,4,0,8,2,3,6,4,1,3,29,0.75,0.6666666666666666,0.5,0.16666666666666666,3.3333333333333335,8.005367067316664,2996.0,3
33,0,Travel_Frequently,1111,Sales,5,1,Life Sciences,1395,2,Male,61,3,2,Sales Executive,4,Married,9998,19293,6,No,13,3,1,0,8,2,4,5,4,1,2,25,0.625,0.8,0.4,0.2,2.3333333333333335,9.21024036697585,4999.0,0
32,0,Travel_Rarely,499,Sales,2,1,Marketing,1396,3,Male,36,3,2,Sales Executive,2,Married,4078,20497,0,Yes,13,3,1,3,4,3,2,3,2,1,2,28,0.75,0.6666666666666666,0.6666666666666666,0.3333333333333333,2.0,8.313607139317558,2039.0,3
39,0,Non-Travel,1485,Research & Development,25,2,Life Sciences,1397,3,Male,71,3,3,Healthcare Representative,3,Married,10920,3449,3,No,21,4,2,1,13,2,3,6,4,0,5,26,0.46153846153846156,0.6666666666666666,0.8333333333333334,0.0,2.6666666666666665,9.298442820197728,3640.0,0
25,0,Travel_Rarely,1372,Sales,18,1,Life Sciences,1399,1,Male,93,4,2,Sales Executive,3,Married,6232,12477,2,No,11,3,2,0,6,3,2,3,2,1,2,19,0.5,0.6666666666666666,0.6666666666666666,0.3333333333333333,2.0,8.73761303680885,3116.0,0
52,0,Travel_Frequently,322,Research & Development,28,2,Medical,1401,4,Female,59,4,4,Manufacturing Director,3,Married,13247,9731,2,Yes,11,3,2,1,24,3,2,5,3,0,2,28,0.20833333333333334,0.6,0.4,0.0,3.0,9.49160187662504,3311.75,4
43,0,Travel_Rarely,930,Research & Development,6,3,Medical,1402,1,Female,73,2,2,Research Scientist,3,Single,4081,20003,1,Yes,14,3,1,0,20,3,1,20,7,1,8,23,1.0,0.35,0.4,0.05,1.6666666666666667,8.31434234336979,2040.5,2
27,0,Travel_Rarely,205,Sales,10,3,Marketing,1403,4,Female,98,2,2,Sales Executive,4,Married,5769,7100,1,Yes,11,3,4,0,6,3,3,6,2,4,4,21,1.0,0.3333333333333333,0.6666666666666666,0.6666666666666666,4.0,8.660427359502146,2884.5,2
27,1,Travel_Rarely,135,Research & Development,17,4,Life Sciences,1405,4,Female,51,3,1,Research Scientist,3,Single,2394,25681,1,Yes,13,3,4,0,8,2,3,8,2,7,7,19,1.0,0.25,0.875,0.875,3.6666666666666665,7.781138509845015,2394.0,3
26,0,Travel_Rarely,683,Research & Development,2,1,Medical,1407,1,Male,36,2,1,Research Scientist,4,Single,3904,4050,0,No,12,3,4,0,5,2,3,4,3,1,1,21,0.8,0.75,0.25,0.25,3.0,8.270013062273787,3904.0,0
42,0,Travel_Rarely,1147,Human Resources,10,3,Human Resources,1408,3,Female,31,3,4,Manager,1,Married,16799,16616,0,No,14,3,3,1,21,5,3,20,7,0,9,21,0.9523809523809523,0.35,0.45,0.0,2.3333333333333335,9.72913416539135,4199.75,0
52,0,Travel_Rarely,258,Research & Development,8,4,Other,1409,3,Female,54,3,1,Laboratory Technician,1,Married,2950,17363,9,No,13,3,3,0,12,2,1,5,4,0,4,40,0.4166666666666667,0.8,0.8,0.0,2.3333333333333335,7.989899374942939,2950.0,0
37,0,Travel_Rarely,1462,Research & Development,11,3,Medical,1411,1,Female,94,3,1,Laboratory Technician,3,Single,3629,19106,4,No,18,3,1,0,8,6,3,3,2,0,2,29,0.375,0.6666666666666666,0.6666666666666666,0.0,1.6666666666666667,8.196987927258897,3629.0,0
35,0,Travel_Frequently,200,Research & Development,18,2,Life Sciences,1412,3,Male,60,3,3,Manufacturing Director,4,Single,9362,19944,2,No,11,3,3,0,10,2,3,2,2,2,2,25,0.2,1.0,1.0,1.0,3.3333333333333335,9.14452103093889,3120.6666666666665,0
25,0,Travel_Rarely,949,Research & Development,1,3,Technical Degree,1415,1,Male,81,3,1,Laboratory Technician,4,Married,3229,4910,4,No,11,3,2,1,7,2,2,3,2,0,2,18,0.42857142857142855,0.6666666666666666,0.6666666666666666,0.0,2.3333333333333335,8.080237416216702,3229.0,0
26,0,Travel_Rarely,652,Research & Development,7,3,Other,1417,3,Male,100,4,1,Laboratory Technician,1,Single,3578,23577,0,No,12,3,4,0,8,2,3,7,7,0,7,18,0.875,1.0,1.0,0.0,2.6666666666666665,8.182838710766026,3578.0,0
29,0,Travel_Rarely,332,Human Resources,17,3,Other,1419,2,Male,51,2,3,Human Resources,1,Single,7988,9769,1,No,13,3,1,0,10,3,2,10,9,0,9,19,1.0,0.9,0.9,0.0,1.3333333333333333,8.985820874482043,2662.6666666666665,0
49,1,Travel_Frequently,1475,Research & Development,28,2,Life Sciences,1420,1,Male,97,2,2,Laboratory Technician,1,Single,4284,22710,3,No,20,4,1,0,20,2,3,4,3,1,3,29,0.2,0.75,0.75,0.25,1.0,8.36287583103188,2142.0,0
29,1,Travel_Frequently,337,Research & Development,14,1,Other,1421,3,Female,84,3,3,Healthcare Representative,4,Single,7553,22930,0,Yes,12,3,1,0,9,1,3,8,7,7,7,20,0.8888888888888888,0.875,0.875,0.875,2.6666666666666665,8.929832503272403,2517.6666666666665,3
54,0,Travel_Rarely,971,Research & Development,1,3,Medical,1422,4,Female,54,3,4,Research Director,4,Single,17328,5652,6,No,19,3,4,0,29,3,2,20,7,12,7,25,0.6896551724137931,0.35,0.35,0.6,4.0,9.760136677640245,4332.0,0
58,0,Travel_Rarely,1055,Research & Development,1,3,Medical,1423,4,Female,76,3,5,Research Director,1,Married,19701,22456,3,Yes,21,4,3,1,32,3,3,9,8,1,5,26,0.28125,0.8888888888888888,0.5555555555555556,0.1111111111111111,2.6666666666666665,9.888475432415625,3940.2,3
55,0,Travel_Rarely,1136,Research & Development,1,4,Medical,1424,2,Male,81,4,4,Research Director,4,Divorced,14732,12414,2,No,13,3,4,2,31,4,4,7,7,0,0,24,0.22580645161290322,1.0,0.0,0.0,3.3333333333333335,9.597845154707354,3683.0,0
36,0,Travel_Rarely,1174,Sales,3,4,Marketing,1425,1,Female,99,3,2,Sales Executive,2,Single,9278,20763,3,Yes,16,3,4,0,15,3,3,5,4,0,1,21,0.3333333333333333,0.8,0.2,0.0,2.3333333333333335,9.13550906135318,4639.0,3
31,1,Travel_Frequently,667,Sales,1,4,Life Sciences,1427,2,Female,50,1,1,Sales Representative,3,Single,1359,16154,1,No,12,3,2,0,1,3,3,1,0,0,0,30,1.0,0.0,0.0,0.0,2.3333333333333335,7.215239978730097,1359.0,0
30,0,Travel_Rarely,855,Sales,7,4,Marketing,1428,4,Female,73,3,2,Sales Executive,1,Divorced,4779,12761,7,No,14,3,2,2,8,3,3,3,2,0,2,22,0.375,0.6666666666666666,0.6666666666666666,0.0,2.3333333333333335,8.472195825485501,2389.5,0
31,0,Travel_Rarely,182,Research & Development,8,5,Life Sciences,1430,1,Female,93,3,4,Research Director,2,Single,16422,8847,3,No,11,3,3,0,9,3,4,3,2,1,0,22,0.3333333333333333,0.6666666666666666,0.0,0.3333333333333333,2.0,9.70643807033756,4105.5,0
34,0,Travel_Frequently,560,Research & Development,1,4,Other,1431,4,Male,91,3,1,Research Scientist,1,Divorced,2996,20284,5,No,14,3,3,2,10,2,3,4,3,1,3,24,0.4,0.75,0.75,0.25,2.6666666666666665,8.005367067316664,2996.0,0
31,1,Travel_Rarely,202,Research & Development,8,3,Life Sciences,1433,1,Female,34,2,1,Research Scientist,2,Single,1261,22262,1,No,12,3,3,0,1,3,4,1,0,0,0,30,1.0,0.0,0.0,0.0,2.0,7.140453043101158,1261.0,0
27,0,Travel_Rarely,1377,Research & Development,11,1,Life Sciences,1434,2,Male,91,3,1,Laboratory Technician,1,Married,2099,7679,0,No,14,3,2,0,6,3,4,5,0,1,4,21,0.8333333333333334,0.0,0.8,0.2,1.6666666666666667,7.649692623711514,2099.0,0
36,0,Travel_Rarely,172,Research & Development,4,4,Life Sciences,1435,1,Male,37,2,2,Laboratory Technician,4,Single,5810,22604,1,No,16,3,3,0,10,2,2,10,4,1,8,26,1.0,0.4,0.8,0.1,2.6666666666666665,8.667507952075105,2905.0,0
36,0,Travel_Rarely,329,Sales,16,4,Marketing,1436,3,Female,98,2,2,Sales Executive,1,Married,5647,13494,4,No,13,3,1,2,11,3,2,3,2,0,2,25,0.2727272727272727,0.6666666666666666,0.6666666666666666,0.0,1.6666666666666667,8.639056779173078,2823.5,0
47,0,Travel_Rarely,465,Research & Development,1,3,Technical Degree,1438,1,Male,74,3,1,Research Scientist,4,Married,3420,10205,7,No,12,3,3,1,17,2,2,6,5,1,2,30,0.35294117647058826,0.8333333333333334,0.3333333333333333,0.16666666666666666,2.6666666666666665,8.137688184977605,3420.0,0
25,1,Travel_Rarely,383,Sales,9,2,Life Sciences,1439,1,Male,68,2,1,Sales Representative,1,Married,4400,15182,3,No,12,3,1,0,6,2,3,3,2,2,2,19,0.5,0.6666666666666666,0.6666666666666666,0.6666666666666666,1.0,8.38958706681109,4400.0,0
37,0,Non-Travel,1413,Research & Development,5,2,Technical Degree,1440,3,Male,84,4,1,Laboratory Technician,3,Single,3500,25470,0,No,14,3,1,0,7,2,1,6,5,1,3,30,0.8571428571428571,0.8333333333333334,0.5,0.16666666666666666,2.3333333333333335,8.160803920954665,3500.0,0
56,0,Travel_Rarely,1255,Research & Development,1,2,Life Sciences,1441,1,Female,90,3,1,Research Scientist,1,Married,2066,10494,2,No,22,4,4,1,5,3,4,3,2,1,0,51,0.6,0.6666666666666666,0.0,0.3333333333333333,2.0,7.633853559681768,2066.0,0
47,0,Travel_Rarely,359,Research & Development,2,4,Medical,1443,1,Female,82,3,4,Research Director,3,Married,17169,26703,3,No,19,3,2,2,26,2,4,20,17,5,6,21,0.7692307692307693,0.85,0.3,0.25,2.0,9.75091895389152,4292.25,0
24,0,Travel_Rarely,1476,Sales,4,1,Medical,1445,4,Female,42,3,2,Sales Executive,3,Married,4162,15211,1,Yes,12,3,3,2,5,3,3,5,4,0,3,19,1.0,0.8,0.6,0.0,3.3333333333333335,8.333991247194975,2081.0,3
32,0,Travel_Rarely,601,Sales,7,5,Marketing,1446,4,Male,97,3,2,Sales Executive,4,Married,9204,23343,4,No,12,3,3,1,7,3,2,4,3,0,3,25,0.5714285714285714,0.75,0.75,0.0,3.6666666666666665,9.127502093667179,4602.0,0
34,0,Travel_Rarely,401,Research & Development,1,3,Life Sciences,1447,4,Female,86,2,1,Laboratory Technician,2,Married,3294,3708,5,No,17,3,1,1,7,2,2,5,4,0,2,27,0.7142857142857143,0.8,0.4,0.0,2.3333333333333335,8.100161446936607,3294.0,0
41,0,Travel_Rarely,1283,Research & Development,5,5,Medical,1448,2,Male,90,4,1,Research Scientist,3,Married,2127,5561,2,Yes,12,3,1,0,7,5,2,4,2,0,3,34,0.5714285714285714,0.5,0.75,0.0,2.0,7.662937850461535,2127.0,4
40,0,Non-Travel,663,Research & Development,9,4,Other,1449,3,Male,81,3,2,Laboratory Technician,3,Divorced,3975,23099,3,No,11,3,3,2,11,2,4,8,7,0,7,29,0.7272727272727273,0.875,0.875,0.0,3.0,8.288031567776464,1987.5,0
31,0,Travel_Rarely,326,Sales,8,2,Life Sciences,1453,1,Male,31,3,3,Sales Executive,4,Divorced,10793,8386,1,No,18,3,1,1,13,5,3,13,7,9,9,18,1.0,0.5384615384615384,0.6923076923076923,0.6923076923076923,2.0,9.286745703178589,3597.6666666666665,0
46,1,Travel_Rarely,377,Sales,9,3,Marketing,1457,1,Male,52,3,3,Sales Executive,4,Divorced,10096,15986,4,No,11,3,1,1,28,1,4,7,7,4,3,18,0.25,1.0,0.42857142857142855,0.5714285714285714,2.0,9.219993629004321,3365.3333333333335,0
39,1,Non-Travel,592,Research & Development,2,3,Life Sciences,1458,1,Female,54,2,1,Laboratory Technician,1,Single,3646,17181,2,Yes,23,4,2,0,11,2,4,1,0,0,0,28,0.09090909090909091,0.0,0.0,0.0,1.3333333333333333,8.20166019080868,3646.0,2
31,1,Travel_Frequently,1445,Research & Development,1,5,Life Sciences,1459,3,Female,100,4,3,Manufacturing Director,2,Single,7446,8931,1,No,11,3,1,0,10,2,3,10,8,4,7,21,1.0,0.8,0.7,0.4,2.0,8.915566545710645,2482.0,0
45,0,Travel_Rarely,1038,Research & Development,20,3,Medical,1460,2,Male,95,1,3,Healthcare Representative,1,Divorced,10851,19863,2,Yes,18,3,2,1,24,2,3,7,7,0,7,21,0.2916666666666667,1.0,1.0,0.0,1.6666666666666667,9.292104673778823,3617.0,1
31,0,Travel_Rarely,1398,Human Resources,8,2,Medical,1461,4,Female,96,4,1,Human Resources,2,Single,2109,24609,9,No,18,3,4,0,8,3,3,3,2,0,2,23,0.375,0.6666666666666666,0.6666666666666666,0.0,3.3333333333333335,7.6544432264701125,2109.0,0
31,1,Travel_Frequently,523,Research & Development,2,3,Life Sciences,1464,2,Male,94,3,1,Laboratory Technician,4,Married,3722,21081,6,Yes,13,3,3,1,7,2,1,2,2,2,2,24,0.2857142857142857,1.0,1.0,1.0,3.0,8.222285073872717,3722.0,3
45,0,Travel_Rarely,1448,Research & Development,29,3,Technical Degree,1465,2,Male,55,3,3,Manufacturing Director,4,Married,9380,14720,4,Yes,18,3,4,2,10,4,4,3,1,1,2,35,0.3,0.3333333333333333,0.6666666666666666,0.3333333333333333,3.3333333333333335,9.14644164612595,3126.6666666666665,3
48,0,Travel_Rarely,1221,Sales,7,3,Marketing,1466,3,Male,96,3,2,Sales Executive,1,Divorced,5486,24795,4,No,11,3,1,3,15,3,3,2,2,2,2,33,0.13333333333333333,1.0,1.0,1.0,1.6666666666666667,8.610136937058975,2743.0,0
34,1,Travel_Rarely,1107,Human Resources,9,4,Technical Degree,1467,1,Female,52,3,1,Human Resources,3,Married,2742,3072,1,No,15,3,4,0,2,0,3,2,2,2,2,32,1.0,1.0,1.0,1.0,2.6666666666666665,7.916807490937603,2742.0,0
40,0,Non-Travel,218,Research & Development,8,1,Medical,1468,4,Male,55,2,3,Research Director,2,Divorced,13757,25178,2,No,11,3,3,1,16,5,3,9,8,4,8,24,0.5625,0.8888888888888888,0.8888888888888888,0.4444444444444444,3.0,9.52937575208596,4585.666666666667,0
28,0,Travel_Rarely,866,Sales,5,3,Medical,1469,4,Male,84,3,2,Sales Executive,1,Single,8463,23490,0,No,18,3,4,0,6,4,3,5,4,1,3,22,0.8333333333333334,0.8,0.6,0.2,3.0,9.043577154098081,4231.5,0
44,0,Non-Travel,981,Research & Development,5,3,Life Sciences,1471,3,Male,90,2,1,Laboratory Technician,3,Single,3162,7973,3,No,14,3,4,0,7,5,3,5,2,0,3,37,0.7142857142857143,0.4,0.6,0.0,3.3333333333333335,8.059276223305648,3162.0,0
53,0,Travel_Rarely,447,Research & Development,2,3,Medical,1472,4,Male,39,4,4,Research Director,2,Single,16598,19764,4,No,12,3,2,0,35,2,2,9,8,8,8,18,0.2571428571428571,0.8888888888888888,0.8888888888888888,0.8888888888888888,2.6666666666666665,9.71709773156622,4149.5,0
49,0,Travel_Rarely,1495,Research & Development,5,4,Technical Degree,1473,1,Male,96,3,2,Healthcare Representative,3,Married,6651,21534,2,No,14,3,2,1,20,0,2,3,2,1,2,29,0.15,0.6666666666666666,0.6666666666666666,0.3333333333333333,2.0,8.802672840312818,3325.5,0
40,0,Travel_Rarely,896,Research & Development,2,3,Medical,1474,3,Male,68,3,1,Research Scientist,3,Divorced,2345,8045,2,No,14,3,3,1,8,3,4,3,1,1,2,32,0.375,0.3333333333333333,0.6666666666666666,0.3333333333333333,3.0,7.76046702921342,2345.0,0
44,0,Travel_Rarely,1467,Research & Development,20,3,Life Sciences,1475,4,Male,49,3,1,Research Scientist,2,Single,3420,21158,1,No,13,3,3,0,6,3,2,5,2,1,3,38,0.8333333333333334,0.4,0.6,0.2,3.0,8.137688184977605,3420.0,0
33,0,Travel_Frequently,430,Sales,7,3,Medical,1477,4,Male,54,3,2,Sales Executive,1,Married,4373,17456,0,No,14,3,1,2,5,2,3,4,3,0,3,28,0.8,0.75,0.75,0.0,2.0,8.383433201236713,2186.5,0
34,0,Travel_Rarely,1326,Sales,3,3,Other,1478,4,Male,81,1,2,Sales Executive,1,Single,4759,15891,3,No,18,3,4,0,15,2,3,13,9,3,12,19,0.8666666666666667,0.6923076923076923,0.9230769230769231,0.23076923076923078,3.0,8.468002947225466,2379.5,0
30,0,Travel_Rarely,1358,Sales,16,1,Life Sciences,1479,4,Male,96,3,2,Sales Executive,3,Married,5301,2939,8,No,15,3,3,2,4,2,2,2,1,2,2,26,0.5,0.5,1.0,1.0,3.3333333333333335,8.57583938684897,2650.5,0
42,0,Travel_Frequently,748,Research & Development,9,2,Medical,1480,1,Female,74,3,1,Laboratory Technician,4,Single,3673,16458,1,No,13,3,3,0,12,3,3,12,9,5,8,30,1.0,0.75,0.6666666666666666,0.4166666666666667,2.6666666666666665,8.20903626577507,3673.0,0
44,0,Travel_Frequently,383,Sales,1,5,Marketing,1481,1,Female,79,3,2,Sales Executive,3,Married,4768,9282,7,No,12,3,3,1,11,4,2,1,0,0,0,33,0.09090909090909091,0.0,0.0,0.0,2.3333333333333335,8.469891918298224,2384.0,0
30,0,Non-Travel,990,Research & Development,7,3,Technical Degree,1482,3,Male,64,3,1,Research Scientist,3,Divorced,1274,7152,1,No,13,3,2,2,1,2,2,1,0,0,0,29,1.0,0.0,0.0,0.0,2.6666666666666665,7.150701457592526,1274.0,0
57,0,Travel_Rarely,405,Research & Development,1,2,Life Sciences,1483,2,Male,93,4,2,Research Scientist,3,Married,4900,2721,0,No,24,4,1,1,13,2,2,12,9,2,8,44,0.9230769230769231,0.75,0.6666666666666666,0.16666666666666666,2.0,8.497194544909547,2450.0,0
49,0,Travel_Rarely,1490,Research & Development,7,4,Life Sciences,1484,3,Male,35,3,3,Healthcare Representative,2,Divorced,10466,20948,3,No,14,3,2,2,29,3,3,8,7,0,7,20,0.27586206896551724,0.875,0.875,0.0,2.3333333333333335,9.255982729854884,3488.6666666666665,0
34,0,Travel_Frequently,829,Research & Development,15,3,Medical,1485,2,Male,71,3,4,Research Director,1,Divorced,17007,11929,7,No,14,3,4,2,16,3,2,14,8,6,9,18,0.875,0.5714285714285714,0.6428571428571429,0.42857142857142855,2.3333333333333335,9.74143910058173,4251.75,0
28,1,Travel_Frequently,1496,Sales,1,3,Technical Degree,1486,1,Male,92,3,1,Sales Representative,3,Married,2909,15747,3,No,15,3,4,1,5,3,4,3,2,1,2,23,0.6,0.6666666666666666,0.6666666666666666,0.3333333333333333,2.6666666666666665,7.975908360165538,2909.0,0
29,1,Travel_Frequently,115,Sales,13,3,Technical Degree,1487,1,Female,51,3,2,Sales Executive,2,Single,5765,17485,5,No,11,3,1,0,7,4,1,5,3,0,0,22,0.7142857142857143,0.6,0.0,0.0,1.3333333333333333,8.659733878198347,2882.5,0
